filename,width,height,class,xmin,ymin,xmax,ymax
Temp_441.xml,411,261,radio_button,13,208,107,229
Temp_441.xml,411,261,radio_button,16,229,110,250
Temp_441.xml,411,261,textbox,14,9,301,44
Temp_441.xml,411,261,textbox,13,49,274,80
Temp_441.xml,411,261,image,8,145,102,206
Temp_441.xml,411,261,image,14,79,98,139
eight0113.xml,435,394,image,26,28,76,66
eight0113.xml,435,394,image,180,323,240,358
eight0113.xml,435,394,radio_button,28,87,117,116
eight0113.xml,435,394,radio_button,22,106,115,127
eight0113.xml,435,394,radio_button,22,127,158,150
eight0113.xml,435,394,textbox,24,156,115,177
eight0113.xml,435,394,textbox,20,200,141,219
eight0113.xml,435,394,textbox,33,178,107,199
eight0113.xml,435,394,textbox,22,220,112,243
eight0113.xml,435,394,textbox,318,21,402,49
eight0113.xml,435,394,textbox,292,37,407,75
eight0113.xml,435,394,textbox,372,93,402,116
eight0113.xml,435,394,textbox,373,113,408,134
eight0113.xml,435,394,textbox,371,130,407,152
eight0113.xml,435,394,textbox,373,152,409,178
eight0113.xml,435,394,textbox,27,260,403,279
eight0113.xml,435,394,textbox,25,277,403,307
eight0113.xml,435,394,textbox,21,320,104,366
eight0113.xml,435,394,textbox,311,310,407,366
ss4512.xml,429,312,textbox,20,113,123,174
ss4512.xml,429,312,textbox,19,181,154,215
ss4512.xml,429,312,textbox,15,224,152,253
ss4512.xml,429,312,textbox,17,252,156,276
ss4512.xml,429,312,textbox,190,29,254,63
ss4512.xml,429,312,textbox,341,27,400,58
ss4512.xml,429,312,textbox,196,67,289,145
ss4512.xml,429,312,textbox,320,71,411,143
ss4512.xml,429,312,image,255,36,313,62
ss4512.xml,429,312,image,314,32,334,57
ss4512.xml,429,312,image,12,26,191,104
Holidytrip20.xml,419,359,textbox,130,14,288,48
Holidytrip20.xml,419,359,textbox,16,202,384,234
Holidytrip20.xml,419,359,textbox,17,229,217,255
Holidytrip20.xml,419,359,textbox,118,320,304,345
Holidytrip20.xml,419,359,radio_button,13,255,109,278
Holidytrip20.xml,419,359,radio_button,17,278,109,295
Holidytrip20.xml,419,359,radio_button,16,294,111,317
Holidytrip20.xml,419,359,image,20,53,366,198
Temp_528.xml,409,143,image,14,16,202,122
Temp_528.xml,409,143,radio_button,208,89,294,111
Temp_528.xml,409,143,radio_button,210,108,293,128
Temp_528.xml,409,143,textbox,215,23,365,58
ss458.xml,429,312,textbox,20,113,123,174
ss458.xml,429,312,textbox,19,181,154,215
ss458.xml,429,312,textbox,15,224,152,253
ss458.xml,429,312,textbox,17,252,156,276
ss458.xml,429,312,textbox,190,29,254,63
ss458.xml,429,312,textbox,341,27,400,58
ss458.xml,429,312,textbox,196,67,289,145
ss458.xml,429,312,textbox,320,71,411,143
ss458.xml,429,312,image,255,36,313,62
ss458.xml,429,312,image,314,32,334,57
ss458.xml,429,312,image,12,26,191,104
Temp_4410.xml,411,261,radio_button,13,208,107,229
Temp_4410.xml,411,261,radio_button,16,229,110,250
Temp_4410.xml,411,261,textbox,14,9,301,44
Temp_4410.xml,411,261,textbox,13,49,274,80
Temp_4410.xml,411,261,image,8,145,102,206
Temp_4410.xml,411,261,image,14,79,98,139
ss451.xml,429,312,textbox,20,113,123,174
ss451.xml,429,312,textbox,19,181,154,215
ss451.xml,429,312,textbox,15,224,152,253
ss451.xml,429,312,textbox,17,252,156,276
ss451.xml,429,312,textbox,190,29,254,63
ss451.xml,429,312,textbox,341,27,400,58
ss451.xml,429,312,textbox,196,67,289,145
ss451.xml,429,312,textbox,320,71,411,143
ss451.xml,429,312,image,255,36,313,62
ss451.xml,429,312,image,314,32,334,57
ss451.xml,429,312,image,12,26,191,104
one4013.xml,420,246,textbox,20,24,70,46
one4013.xml,420,246,textbox,19,48,149,82
one4013.xml,420,246,textbox,19,105,258,150
one4013.xml,420,246,radio_button,15,159,83,176
one4013.xml,420,246,radio_button,17,173,81,196
one4013.xml,420,246,checkbox,19,196,167,224
one4013.xml,420,246,image,273,26,399,149
Temp_5214.xml,409,143,image,14,16,202,122
Temp_5214.xml,409,143,radio_button,208,89,294,111
Temp_5214.xml,409,143,radio_button,210,108,293,128
Temp_5214.xml,409,143,textbox,215,23,365,58
Holidytrip27.xml,419,359,textbox,130,14,288,48
Holidytrip27.xml,419,359,textbox,16,202,384,234
Holidytrip27.xml,419,359,textbox,17,229,217,255
Holidytrip27.xml,419,359,textbox,118,320,304,345
Holidytrip27.xml,419,359,radio_button,13,255,109,278
Holidytrip27.xml,419,359,radio_button,17,278,109,295
Holidytrip27.xml,419,359,radio_button,16,294,111,317
Holidytrip27.xml,419,359,image,20,53,366,198
Holidytrip210.xml,419,359,textbox,130,14,288,48
Holidytrip210.xml,419,359,textbox,16,202,384,234
Holidytrip210.xml,419,359,textbox,17,229,217,255
Holidytrip210.xml,419,359,textbox,118,320,304,345
Holidytrip210.xml,419,359,radio_button,13,255,109,278
Holidytrip210.xml,419,359,radio_button,17,278,109,295
Holidytrip210.xml,419,359,radio_button,16,294,111,317
Holidytrip210.xml,419,359,image,20,53,366,198
Buffet317.xml,417,289,textbox,76,17,333,45
Buffet317.xml,417,289,textbox,14,154,201,179
Buffet317.xml,417,289,radio_button,17,189,147,207
Buffet317.xml,417,289,radio_button,14,205,149,225
Buffet317.xml,417,289,radio_button,9,226,151,247
Buffet317.xml,417,289,textbox,18,251,252,274
Buffet317.xml,417,289,image,125,53,287,147
nine2.xml,415,260,textbox,13,22,120,50
nine2.xml,415,260,checkbox,27,57,87,84
nine2.xml,415,260,textbox,31,86,84,111
nine2.xml,415,260,textbox,26,113,358,153
nine2.xml,415,260,textbox,27,151,385,192
nine2.xml,415,260,radio_button,19,206,77,225
nine2.xml,415,260,radio_button,17,224,81,243
one4016.xml,420,246,textbox,20,24,70,46
one4016.xml,420,246,textbox,19,48,149,82
one4016.xml,420,246,textbox,19,105,258,150
one4016.xml,420,246,radio_button,15,159,83,176
one4016.xml,420,246,radio_button,17,173,81,196
one4016.xml,420,246,checkbox,19,196,167,224
one4016.xml,420,246,image,273,26,399,149
Temp_443.xml,411,261,radio_button,13,208,107,229
Temp_443.xml,411,261,radio_button,16,229,110,250
Temp_443.xml,411,261,textbox,14,9,301,44
Temp_443.xml,411,261,textbox,13,49,274,80
Temp_443.xml,411,261,image,8,145,102,206
Temp_443.xml,411,261,image,14,79,98,139
one408.xml,420,246,textbox,20,24,70,46
one408.xml,420,246,textbox,19,48,149,82
one408.xml,420,246,textbox,19,105,258,150
one408.xml,420,246,radio_button,15,159,83,176
one408.xml,420,246,radio_button,17,173,81,196
one408.xml,420,246,checkbox,19,196,167,224
one408.xml,420,246,image,273,26,399,149
Temp_440.xml,411,261,radio_button,13,208,107,229
Temp_440.xml,411,261,radio_button,16,229,110,250
Temp_440.xml,411,261,textbox,14,9,301,44
Temp_440.xml,411,261,textbox,13,49,274,80
Temp_440.xml,411,261,image,8,145,102,206
Temp_440.xml,411,261,image,14,79,98,139
Temp_5219.xml,409,143,image,14,16,202,122
Temp_5219.xml,409,143,radio_button,208,89,294,111
Temp_5219.xml,409,143,radio_button,210,108,293,128
Temp_5219.xml,409,143,textbox,215,23,365,58
nine19.xml,415,260,textbox,13,22,120,50
nine19.xml,415,260,checkbox,27,57,87,84
nine19.xml,415,260,textbox,31,86,84,111
nine19.xml,415,260,textbox,26,113,358,153
nine19.xml,415,260,textbox,27,151,385,192
nine19.xml,415,260,radio_button,19,206,77,225
nine19.xml,415,260,radio_button,17,224,81,243
nine5.xml,415,260,textbox,13,22,120,50
nine5.xml,415,260,checkbox,27,57,87,84
nine5.xml,415,260,textbox,31,86,84,111
nine5.xml,415,260,textbox,26,113,358,153
nine5.xml,415,260,textbox,27,151,385,192
nine5.xml,415,260,radio_button,19,206,77,225
nine5.xml,415,260,radio_button,17,224,81,243
ten7.xml,422,232,textbox,27,22,137,47
ten7.xml,422,232,textbox,29,45,148,65
ten7.xml,422,232,textbox,28,67,132,85
ten7.xml,422,232,textbox,25,81,88,119
ten7.xml,422,232,checkbox,25,124,178,144
ten7.xml,422,232,radio_button,14,149,110,165
ten7.xml,422,232,radio_button,21,165,111,188
ten7.xml,422,232,checkbox,17,193,176,214
ss793.xml,591,445,textbox,87,31,181,58
ss793.xml,591,445,textbox,89,58,239,76
ss793.xml,591,445,textbox,22,87,333,122
ss793.xml,591,445,textbox,21,133,242,157
ss793.xml,591,445,textbox,17,273,234,291
ss793.xml,591,445,textbox,381,259,526,290
ss793.xml,591,445,textbox,13,290,146,327
ss793.xml,591,445,textbox,385,284,522,324
ss793.xml,591,445,textbox,28,352,178,416
ss793.xml,591,445,textbox,389,341,523,402
ss793.xml,591,445,image,435,36,480,74
ss793.xml,591,445,image,484,34,540,76
ss793.xml,591,445,image,20,10,78,80
nine15.xml,415,260,textbox,13,22,120,50
nine15.xml,415,260,checkbox,27,57,87,84
nine15.xml,415,260,textbox,31,86,84,111
nine15.xml,415,260,textbox,26,113,358,153
nine15.xml,415,260,textbox,27,151,385,192
nine15.xml,415,260,radio_button,19,206,77,225
nine15.xml,415,260,radio_button,17,224,81,243
Holidytrip23.xml,419,359,textbox,130,14,288,48
Holidytrip23.xml,419,359,textbox,16,202,384,234
Holidytrip23.xml,419,359,textbox,17,229,217,255
Holidytrip23.xml,419,359,textbox,118,320,304,345
Holidytrip23.xml,419,359,radio_button,13,255,109,278
Holidytrip23.xml,419,359,radio_button,17,278,109,295
Holidytrip23.xml,419,359,radio_button,16,294,111,317
Holidytrip23.xml,419,359,image,20,53,366,198
nine4.xml,415,260,textbox,13,22,120,50
nine4.xml,415,260,checkbox,27,57,87,84
nine4.xml,415,260,textbox,31,86,84,111
nine4.xml,415,260,textbox,26,113,358,153
nine4.xml,415,260,textbox,27,151,385,192
nine4.xml,415,260,radio_button,19,206,77,225
nine4.xml,415,260,radio_button,17,224,81,243
eight0112.xml,435,394,image,26,28,76,66
eight0112.xml,435,394,image,180,323,240,358
eight0112.xml,435,394,radio_button,28,87,117,116
eight0112.xml,435,394,radio_button,22,106,115,127
eight0112.xml,435,394,radio_button,22,127,158,150
eight0112.xml,435,394,textbox,24,156,115,177
eight0112.xml,435,394,textbox,20,200,141,219
eight0112.xml,435,394,textbox,33,178,107,199
eight0112.xml,435,394,textbox,22,220,112,243
eight0112.xml,435,394,textbox,318,21,402,49
eight0112.xml,435,394,textbox,292,37,407,75
eight0112.xml,435,394,textbox,372,93,402,116
eight0112.xml,435,394,textbox,373,113,408,134
eight0112.xml,435,394,textbox,371,130,407,152
eight0112.xml,435,394,textbox,373,152,409,178
eight0112.xml,435,394,textbox,27,260,403,279
eight0112.xml,435,394,textbox,25,277,403,307
eight0112.xml,435,394,textbox,21,320,104,366
eight0112.xml,435,394,textbox,311,310,407,366
Holidytrip217.xml,419,359,textbox,130,14,288,48
Holidytrip217.xml,419,359,textbox,16,202,384,234
Holidytrip217.xml,419,359,textbox,17,229,217,255
Holidytrip217.xml,419,359,textbox,118,320,304,345
Holidytrip217.xml,419,359,radio_button,13,255,109,278
Holidytrip217.xml,419,359,radio_button,17,278,109,295
Holidytrip217.xml,419,359,radio_button,16,294,111,317
Holidytrip217.xml,419,359,image,20,53,366,198
Holidytrip29.xml,419,359,textbox,130,14,288,48
Holidytrip29.xml,419,359,textbox,16,202,384,234
Holidytrip29.xml,419,359,textbox,17,229,217,255
Holidytrip29.xml,419,359,textbox,118,320,304,345
Holidytrip29.xml,419,359,radio_button,13,255,109,278
Holidytrip29.xml,419,359,radio_button,17,278,109,295
Holidytrip29.xml,419,359,radio_button,16,294,111,317
Holidytrip29.xml,419,359,image,20,53,366,198
Holidytrip214.xml,419,359,textbox,130,14,288,48
Holidytrip214.xml,419,359,textbox,16,202,384,234
Holidytrip214.xml,419,359,textbox,17,229,217,255
Holidytrip214.xml,419,359,textbox,118,320,304,345
Holidytrip214.xml,419,359,radio_button,13,255,109,278
Holidytrip214.xml,419,359,radio_button,17,278,109,295
Holidytrip214.xml,419,359,radio_button,16,294,111,317
Holidytrip214.xml,419,359,image,20,53,366,198
Buffet37.xml,417,289,textbox,76,17,333,45
Buffet37.xml,417,289,textbox,14,154,201,179
Buffet37.xml,417,289,radio_button,17,189,147,207
Buffet37.xml,417,289,radio_button,14,205,149,225
Buffet37.xml,417,289,radio_button,9,226,151,247
Buffet37.xml,417,289,textbox,18,251,252,274
Buffet37.xml,417,289,image,125,53,287,147
Holidytrip218.xml,419,359,textbox,130,14,288,48
Holidytrip218.xml,419,359,textbox,16,202,384,234
Holidytrip218.xml,419,359,textbox,17,229,217,255
Holidytrip218.xml,419,359,textbox,118,320,304,345
Holidytrip218.xml,419,359,radio_button,13,255,109,278
Holidytrip218.xml,419,359,radio_button,17,278,109,295
Holidytrip218.xml,419,359,radio_button,16,294,111,317
Holidytrip218.xml,419,359,image,20,53,366,198
eight019.xml,435,394,image,26,28,76,66
eight019.xml,435,394,image,180,323,240,358
eight019.xml,435,394,radio_button,28,87,117,116
eight019.xml,435,394,radio_button,22,106,115,127
eight019.xml,435,394,radio_button,22,127,158,150
eight019.xml,435,394,textbox,24,156,115,177
eight019.xml,435,394,textbox,20,200,141,219
eight019.xml,435,394,textbox,33,178,107,199
eight019.xml,435,394,textbox,22,220,112,243
eight019.xml,435,394,textbox,318,21,402,49
eight019.xml,435,394,textbox,292,37,407,75
eight019.xml,435,394,textbox,372,93,402,116
eight019.xml,435,394,textbox,373,113,408,134
eight019.xml,435,394,textbox,371,130,407,152
eight019.xml,435,394,textbox,373,152,409,178
eight019.xml,435,394,textbox,27,260,403,279
eight019.xml,435,394,textbox,25,277,403,307
eight019.xml,435,394,textbox,21,320,104,366
eight019.xml,435,394,textbox,311,310,407,366
Buffet30.xml,417,289,textbox,76,17,333,45
Buffet30.xml,417,289,textbox,14,154,201,179
Buffet30.xml,417,289,radio_button,17,189,147,207
Buffet30.xml,417,289,radio_button,14,205,149,225
Buffet30.xml,417,289,radio_button,9,226,151,247
Buffet30.xml,417,289,textbox,18,251,252,274
Buffet30.xml,417,289,image,125,53,287,147
Temp_446.xml,411,261,radio_button,13,208,107,229
Temp_446.xml,411,261,radio_button,16,229,110,250
Temp_446.xml,411,261,textbox,14,9,301,44
Temp_446.xml,411,261,textbox,13,49,274,80
Temp_446.xml,411,261,image,8,145,102,206
Temp_446.xml,411,261,image,14,79,98,139
Temp_521.xml,409,143,image,14,16,202,122
Temp_521.xml,409,143,radio_button,208,89,294,111
Temp_521.xml,409,143,radio_button,210,108,293,128
Temp_521.xml,409,143,textbox,215,23,365,58
nine10.xml,415,260,textbox,13,22,120,50
nine10.xml,415,260,checkbox,27,57,87,84
nine10.xml,415,260,textbox,31,86,84,111
nine10.xml,415,260,textbox,26,113,358,153
nine10.xml,415,260,textbox,27,151,385,192
nine10.xml,415,260,radio_button,19,206,77,225
nine10.xml,415,260,radio_button,17,224,81,243
Buffet33.xml,417,289,textbox,76,17,333,45
Buffet33.xml,417,289,textbox,14,154,201,179
Buffet33.xml,417,289,radio_button,17,189,147,207
Buffet33.xml,417,289,radio_button,14,205,149,225
Buffet33.xml,417,289,radio_button,9,226,151,247
Buffet33.xml,417,289,textbox,18,251,252,274
Buffet33.xml,417,289,image,125,53,287,147
eight0118.xml,435,394,image,26,28,76,66
eight0118.xml,435,394,image,180,323,240,358
eight0118.xml,435,394,radio_button,28,87,117,116
eight0118.xml,435,394,radio_button,22,106,115,127
eight0118.xml,435,394,radio_button,22,127,158,150
eight0118.xml,435,394,textbox,24,156,115,177
eight0118.xml,435,394,textbox,20,200,141,219
eight0118.xml,435,394,textbox,33,178,107,199
eight0118.xml,435,394,textbox,22,220,112,243
eight0118.xml,435,394,textbox,318,21,402,49
eight0118.xml,435,394,textbox,292,37,407,75
eight0118.xml,435,394,textbox,372,93,402,116
eight0118.xml,435,394,textbox,373,113,408,134
eight0118.xml,435,394,textbox,371,130,407,152
eight0118.xml,435,394,textbox,373,152,409,178
eight0118.xml,435,394,textbox,27,260,403,279
eight0118.xml,435,394,textbox,25,277,403,307
eight0118.xml,435,394,textbox,21,320,104,366
eight0118.xml,435,394,textbox,311,310,407,366
ss7914.xml,591,445,textbox,87,31,181,58
ss7914.xml,591,445,textbox,89,58,239,76
ss7914.xml,591,445,textbox,22,87,333,122
ss7914.xml,591,445,textbox,21,133,242,157
ss7914.xml,591,445,textbox,17,273,234,291
ss7914.xml,591,445,textbox,381,259,526,290
ss7914.xml,591,445,textbox,13,290,146,327
ss7914.xml,591,445,textbox,385,284,522,324
ss7914.xml,591,445,textbox,28,352,178,416
ss7914.xml,591,445,textbox,389,341,523,402
ss7914.xml,591,445,image,435,36,480,74
ss7914.xml,591,445,image,484,34,540,76
ss7914.xml,591,445,image,20,10,78,80
ss4516.xml,429,312,textbox,20,113,123,174
ss4516.xml,429,312,textbox,19,181,154,215
ss4516.xml,429,312,textbox,15,224,152,253
ss4516.xml,429,312,textbox,17,252,156,276
ss4516.xml,429,312,textbox,190,29,254,63
ss4516.xml,429,312,textbox,341,27,400,58
ss4516.xml,429,312,textbox,196,67,289,145
ss4516.xml,429,312,textbox,320,71,411,143
ss4516.xml,429,312,image,255,36,313,62
ss4516.xml,429,312,image,314,32,334,57
ss4516.xml,429,312,image,12,26,191,104
Holidytrip24.xml,419,359,textbox,130,14,288,48
Holidytrip24.xml,419,359,textbox,16,202,384,234
Holidytrip24.xml,419,359,textbox,17,229,217,255
Holidytrip24.xml,419,359,textbox,118,320,304,345
Holidytrip24.xml,419,359,radio_button,13,255,109,278
Holidytrip24.xml,419,359,radio_button,17,278,109,295
Holidytrip24.xml,419,359,radio_button,16,294,111,317
Holidytrip24.xml,419,359,image,20,53,366,198
one4010.xml,420,246,textbox,20,24,70,46
one4010.xml,420,246,textbox,19,48,149,82
one4010.xml,420,246,textbox,19,105,258,150
one4010.xml,420,246,radio_button,15,159,83,176
one4010.xml,420,246,radio_button,17,173,81,196
one4010.xml,420,246,checkbox,19,196,167,224
one4010.xml,420,246,image,273,26,399,149
ten12.xml,422,232,textbox,27,22,137,47
ten12.xml,422,232,textbox,29,45,148,65
ten12.xml,422,232,textbox,28,67,132,85
ten12.xml,422,232,textbox,25,81,88,119
ten12.xml,422,232,checkbox,25,124,178,144
ten12.xml,422,232,radio_button,14,149,110,165
ten12.xml,422,232,radio_button,21,165,111,188
ten12.xml,422,232,checkbox,17,193,176,214
Temp_5212.xml,409,143,image,14,16,202,122
Temp_5212.xml,409,143,radio_button,208,89,294,111
Temp_5212.xml,409,143,radio_button,210,108,293,128
Temp_5212.xml,409,143,textbox,215,23,365,58
ss797.xml,591,445,textbox,87,31,181,58
ss797.xml,591,445,textbox,89,58,239,76
ss797.xml,591,445,textbox,22,87,333,122
ss797.xml,591,445,textbox,21,133,242,157
ss797.xml,591,445,textbox,17,273,234,291
ss797.xml,591,445,textbox,381,259,526,290
ss797.xml,591,445,textbox,13,290,146,327
ss797.xml,591,445,textbox,385,284,522,324
ss797.xml,591,445,textbox,28,352,178,416
ss797.xml,591,445,textbox,389,341,523,402
ss797.xml,591,445,image,435,36,480,74
ss797.xml,591,445,image,484,34,540,76
ss797.xml,591,445,image,20,10,78,80
ss792.xml,591,445,textbox,87,31,181,58
ss792.xml,591,445,textbox,89,58,239,76
ss792.xml,591,445,textbox,22,87,333,122
ss792.xml,591,445,textbox,21,133,242,157
ss792.xml,591,445,textbox,17,273,234,291
ss792.xml,591,445,textbox,381,259,526,290
ss792.xml,591,445,textbox,13,290,146,327
ss792.xml,591,445,textbox,385,284,522,324
ss792.xml,591,445,textbox,28,352,178,416
ss792.xml,591,445,textbox,389,341,523,402
ss792.xml,591,445,image,435,36,480,74
ss792.xml,591,445,image,484,34,540,76
ss792.xml,591,445,image,20,10,78,80
Buffet319.xml,417,289,textbox,76,17,333,45
Buffet319.xml,417,289,textbox,14,154,201,179
Buffet319.xml,417,289,radio_button,17,189,147,207
Buffet319.xml,417,289,radio_button,14,205,149,225
Buffet319.xml,417,289,radio_button,9,226,151,247
Buffet319.xml,417,289,textbox,18,251,252,274
Buffet319.xml,417,289,image,125,53,287,147
ss791.xml,591,445,textbox,87,31,181,58
ss791.xml,591,445,textbox,89,58,239,76
ss791.xml,591,445,textbox,22,87,333,122
ss791.xml,591,445,textbox,21,133,242,157
ss791.xml,591,445,textbox,17,273,234,291
ss791.xml,591,445,textbox,381,259,526,290
ss791.xml,591,445,textbox,13,290,146,327
ss791.xml,591,445,textbox,385,284,522,324
ss791.xml,591,445,textbox,28,352,178,416
ss791.xml,591,445,textbox,389,341,523,402
ss791.xml,591,445,image,435,36,480,74
ss791.xml,591,445,image,484,34,540,76
ss791.xml,591,445,image,20,10,78,80
ten9.xml,422,232,textbox,27,22,137,47
ten9.xml,422,232,textbox,29,45,148,65
ten9.xml,422,232,textbox,28,67,132,85
ten9.xml,422,232,textbox,25,81,88,119
ten9.xml,422,232,checkbox,25,124,178,144
ten9.xml,422,232,radio_button,14,149,110,165
ten9.xml,422,232,radio_button,21,165,111,188
ten9.xml,422,232,checkbox,17,193,176,214
Temp_527.xml,409,143,image,14,16,202,122
Temp_527.xml,409,143,radio_button,208,89,294,111
Temp_527.xml,409,143,radio_button,210,108,293,128
Temp_527.xml,409,143,textbox,215,23,365,58
ten17.xml,422,232,textbox,27,22,137,47
ten17.xml,422,232,textbox,29,45,148,65
ten17.xml,422,232,textbox,28,67,132,85
ten17.xml,422,232,textbox,25,81,88,119
ten17.xml,422,232,checkbox,25,124,178,144
ten17.xml,422,232,radio_button,14,149,110,165
ten17.xml,422,232,radio_button,21,165,111,188
ten17.xml,422,232,checkbox,17,193,176,214
Temp_523.xml,409,143,image,14,16,202,122
Temp_523.xml,409,143,radio_button,208,89,294,111
Temp_523.xml,409,143,radio_button,210,108,293,128
Temp_523.xml,409,143,textbox,215,23,365,58
ss450.xml,429,312,textbox,20,113,123,174
ss450.xml,429,312,textbox,19,181,154,215
ss450.xml,429,312,textbox,15,224,152,253
ss450.xml,429,312,textbox,17,252,156,276
ss450.xml,429,312,textbox,190,29,254,63
ss450.xml,429,312,textbox,341,27,400,58
ss450.xml,429,312,textbox,196,67,289,145
ss450.xml,429,312,textbox,320,71,411,143
ss450.xml,429,312,image,255,36,313,62
ss450.xml,429,312,image,314,32,334,57
ss450.xml,429,312,image,12,26,191,104
one4015.xml,420,246,textbox,20,24,70,46
one4015.xml,420,246,textbox,19,48,149,82
one4015.xml,420,246,textbox,19,105,258,150
one4015.xml,420,246,radio_button,15,159,83,176
one4015.xml,420,246,radio_button,17,173,81,196
one4015.xml,420,246,checkbox,19,196,167,224
one4015.xml,420,246,image,273,26,399,149
nine8.xml,415,260,textbox,13,22,120,50
nine8.xml,415,260,checkbox,27,57,87,84
nine8.xml,415,260,textbox,31,86,84,111
nine8.xml,415,260,textbox,26,113,358,153
nine8.xml,415,260,textbox,27,151,385,192
nine8.xml,415,260,radio_button,19,206,77,225
nine8.xml,415,260,radio_button,17,224,81,243
Temp_5210.xml,409,143,image,14,16,202,122
Temp_5210.xml,409,143,radio_button,208,89,294,111
Temp_5210.xml,409,143,radio_button,210,108,293,128
Temp_5210.xml,409,143,textbox,215,23,365,58
ss457.xml,429,312,textbox,20,113,123,174
ss457.xml,429,312,textbox,19,181,154,215
ss457.xml,429,312,textbox,15,224,152,253
ss457.xml,429,312,textbox,17,252,156,276
ss457.xml,429,312,textbox,190,29,254,63
ss457.xml,429,312,textbox,341,27,400,58
ss457.xml,429,312,textbox,196,67,289,145
ss457.xml,429,312,textbox,320,71,411,143
ss457.xml,429,312,image,255,36,313,62
ss457.xml,429,312,image,314,32,334,57
ss457.xml,429,312,image,12,26,191,104
Temp_447.xml,411,261,radio_button,13,208,107,229
Temp_447.xml,411,261,radio_button,16,229,110,250
Temp_447.xml,411,261,textbox,14,9,301,44
Temp_447.xml,411,261,textbox,13,49,274,80
Temp_447.xml,411,261,image,8,145,102,206
Temp_447.xml,411,261,image,14,79,98,139
Temp_525.xml,409,143,image,14,16,202,122
Temp_525.xml,409,143,radio_button,208,89,294,111
Temp_525.xml,409,143,radio_button,210,108,293,128
Temp_525.xml,409,143,textbox,215,23,365,58
Buffet34.xml,417,289,textbox,76,17,333,45
Buffet34.xml,417,289,textbox,14,154,201,179
Buffet34.xml,417,289,radio_button,17,189,147,207
Buffet34.xml,417,289,radio_button,14,205,149,225
Buffet34.xml,417,289,radio_button,9,226,151,247
Buffet34.xml,417,289,textbox,18,251,252,274
Buffet34.xml,417,289,image,125,53,287,147
ss7912.xml,591,445,textbox,87,31,181,58
ss7912.xml,591,445,textbox,89,58,239,76
ss7912.xml,591,445,textbox,22,87,333,122
ss7912.xml,591,445,textbox,21,133,242,157
ss7912.xml,591,445,textbox,17,273,234,291
ss7912.xml,591,445,textbox,381,259,526,290
ss7912.xml,591,445,textbox,13,290,146,327
ss7912.xml,591,445,textbox,385,284,522,324
ss7912.xml,591,445,textbox,28,352,178,416
ss7912.xml,591,445,textbox,389,341,523,402
ss7912.xml,591,445,image,435,36,480,74
ss7912.xml,591,445,image,484,34,540,76
ss7912.xml,591,445,image,20,10,78,80
Temp_4416.xml,411,261,radio_button,13,208,107,229
Temp_4416.xml,411,261,radio_button,16,229,110,250
Temp_4416.xml,411,261,textbox,14,9,301,44
Temp_4416.xml,411,261,textbox,13,49,274,80
Temp_4416.xml,411,261,image,8,145,102,206
Temp_4416.xml,411,261,image,14,79,98,139
ss790.xml,591,445,textbox,87,31,181,58
ss790.xml,591,445,textbox,89,58,239,76
ss790.xml,591,445,textbox,22,87,333,122
ss790.xml,591,445,textbox,21,133,242,157
ss790.xml,591,445,textbox,17,273,234,291
ss790.xml,591,445,textbox,381,259,526,290
ss790.xml,591,445,textbox,13,290,146,327
ss790.xml,591,445,textbox,385,284,522,324
ss790.xml,591,445,textbox,28,352,178,416
ss790.xml,591,445,textbox,389,341,523,402
ss790.xml,591,445,image,435,36,480,74
ss790.xml,591,445,image,484,34,540,76
ss790.xml,591,445,image,20,10,78,80
eight0117.xml,435,394,image,26,28,76,66
eight0117.xml,435,394,image,180,323,240,358
eight0117.xml,435,394,radio_button,28,87,117,116
eight0117.xml,435,394,radio_button,22,106,115,127
eight0117.xml,435,394,radio_button,22,127,158,150
eight0117.xml,435,394,textbox,24,156,115,177
eight0117.xml,435,394,textbox,20,200,141,219
eight0117.xml,435,394,textbox,33,178,107,199
eight0117.xml,435,394,textbox,22,220,112,243
eight0117.xml,435,394,textbox,318,21,402,49
eight0117.xml,435,394,textbox,292,37,407,75
eight0117.xml,435,394,textbox,372,93,402,116
eight0117.xml,435,394,textbox,373,113,408,134
eight0117.xml,435,394,textbox,371,130,407,152
eight0117.xml,435,394,textbox,373,152,409,178
eight0117.xml,435,394,textbox,27,260,403,279
eight0117.xml,435,394,textbox,25,277,403,307
eight0117.xml,435,394,textbox,21,320,104,366
eight0117.xml,435,394,textbox,311,310,407,366
ss4514.xml,429,312,textbox,20,113,123,174
ss4514.xml,429,312,textbox,19,181,154,215
ss4514.xml,429,312,textbox,15,224,152,253
ss4514.xml,429,312,textbox,17,252,156,276
ss4514.xml,429,312,textbox,190,29,254,63
ss4514.xml,429,312,textbox,341,27,400,58
ss4514.xml,429,312,textbox,196,67,289,145
ss4514.xml,429,312,textbox,320,71,411,143
ss4514.xml,429,312,image,255,36,313,62
ss4514.xml,429,312,image,314,32,334,57
ss4514.xml,429,312,image,12,26,191,104
ss4515.xml,429,312,textbox,20,113,123,174
ss4515.xml,429,312,textbox,19,181,154,215
ss4515.xml,429,312,textbox,15,224,152,253
ss4515.xml,429,312,textbox,17,252,156,276
ss4515.xml,429,312,textbox,190,29,254,63
ss4515.xml,429,312,textbox,341,27,400,58
ss4515.xml,429,312,textbox,196,67,289,145
ss4515.xml,429,312,textbox,320,71,411,143
ss4515.xml,429,312,image,255,36,313,62
ss4515.xml,429,312,image,314,32,334,57
ss4515.xml,429,312,image,12,26,191,104
Buffet310.xml,417,289,textbox,76,17,333,45
Buffet310.xml,417,289,textbox,14,154,201,179
Buffet310.xml,417,289,radio_button,17,189,147,207
Buffet310.xml,417,289,radio_button,14,205,149,225
Buffet310.xml,417,289,radio_button,9,226,151,247
Buffet310.xml,417,289,textbox,18,251,252,274
Buffet310.xml,417,289,image,125,53,287,147
Temp_4415.xml,411,261,radio_button,13,208,107,229
Temp_4415.xml,411,261,radio_button,16,229,110,250
Temp_4415.xml,411,261,textbox,14,9,301,44
Temp_4415.xml,411,261,textbox,13,49,274,80
Temp_4415.xml,411,261,image,8,145,102,206
Temp_4415.xml,411,261,image,14,79,98,139
nine1.xml,415,260,textbox,13,22,120,50
nine1.xml,415,260,checkbox,27,57,87,84
nine1.xml,415,260,textbox,31,86,84,111
nine1.xml,415,260,textbox,26,113,358,153
nine1.xml,415,260,textbox,27,151,385,192
nine1.xml,415,260,radio_button,19,206,77,225
nine1.xml,415,260,radio_button,17,224,81,243
eight013.xml,435,394,image,26,28,76,66
eight013.xml,435,394,image,180,323,240,358
eight013.xml,435,394,radio_button,28,87,117,116
eight013.xml,435,394,radio_button,22,106,115,127
eight013.xml,435,394,radio_button,22,127,158,150
eight013.xml,435,394,textbox,24,156,115,177
eight013.xml,435,394,textbox,20,200,141,219
eight013.xml,435,394,textbox,33,178,107,199
eight013.xml,435,394,textbox,22,220,112,243
eight013.xml,435,394,textbox,318,21,402,49
eight013.xml,435,394,textbox,292,37,407,75
eight013.xml,435,394,textbox,372,93,402,116
eight013.xml,435,394,textbox,373,113,408,134
eight013.xml,435,394,textbox,371,130,407,152
eight013.xml,435,394,textbox,373,152,409,178
eight013.xml,435,394,textbox,27,260,403,279
eight013.xml,435,394,textbox,25,277,403,307
eight013.xml,435,394,textbox,21,320,104,366
eight013.xml,435,394,textbox,311,310,407,366
ss4511.xml,429,312,textbox,20,113,123,174
ss4511.xml,429,312,textbox,19,181,154,215
ss4511.xml,429,312,textbox,15,224,152,253
ss4511.xml,429,312,textbox,17,252,156,276
ss4511.xml,429,312,textbox,190,29,254,63
ss4511.xml,429,312,textbox,341,27,400,58
ss4511.xml,429,312,textbox,196,67,289,145
ss4511.xml,429,312,textbox,320,71,411,143
ss4511.xml,429,312,image,255,36,313,62
ss4511.xml,429,312,image,314,32,334,57
ss4511.xml,429,312,image,12,26,191,104
Temp_448.xml,411,261,radio_button,13,208,107,229
Temp_448.xml,411,261,radio_button,16,229,110,250
Temp_448.xml,411,261,textbox,14,9,301,44
Temp_448.xml,411,261,textbox,13,49,274,80
Temp_448.xml,411,261,image,8,145,102,206
Temp_448.xml,411,261,image,14,79,98,139
one405.xml,420,246,textbox,20,24,70,46
one405.xml,420,246,textbox,19,48,149,82
one405.xml,420,246,textbox,19,105,258,150
one405.xml,420,246,radio_button,15,159,83,176
one405.xml,420,246,radio_button,17,173,81,196
one405.xml,420,246,checkbox,19,196,167,224
one405.xml,420,246,image,273,26,399,149
eight014.xml,435,394,image,26,28,76,66
eight014.xml,435,394,image,180,323,240,358
eight014.xml,435,394,radio_button,28,87,117,116
eight014.xml,435,394,radio_button,22,106,115,127
eight014.xml,435,394,radio_button,22,127,158,150
eight014.xml,435,394,textbox,24,156,115,177
eight014.xml,435,394,textbox,20,200,141,219
eight014.xml,435,394,textbox,33,178,107,199
eight014.xml,435,394,textbox,22,220,112,243
eight014.xml,435,394,textbox,318,21,402,49
eight014.xml,435,394,textbox,292,37,407,75
eight014.xml,435,394,textbox,372,93,402,116
eight014.xml,435,394,textbox,373,113,408,134
eight014.xml,435,394,textbox,371,130,407,152
eight014.xml,435,394,textbox,373,152,409,178
eight014.xml,435,394,textbox,27,260,403,279
eight014.xml,435,394,textbox,25,277,403,307
eight014.xml,435,394,textbox,21,320,104,366
eight014.xml,435,394,textbox,311,310,407,366
one401.xml,420,246,textbox,20,24,70,46
one401.xml,420,246,textbox,19,48,149,82
one401.xml,420,246,textbox,19,105,258,150
one401.xml,420,246,radio_button,15,159,83,176
one401.xml,420,246,radio_button,17,173,81,196
one401.xml,420,246,checkbox,19,196,167,224
one401.xml,420,246,image,273,26,399,149
eight0116.xml,435,394,image,26,28,76,66
eight0116.xml,435,394,image,180,323,240,358
eight0116.xml,435,394,radio_button,28,87,117,116
eight0116.xml,435,394,radio_button,22,106,115,127
eight0116.xml,435,394,radio_button,22,127,158,150
eight0116.xml,435,394,textbox,24,156,115,177
eight0116.xml,435,394,textbox,20,200,141,219
eight0116.xml,435,394,textbox,33,178,107,199
eight0116.xml,435,394,textbox,22,220,112,243
eight0116.xml,435,394,textbox,318,21,402,49
eight0116.xml,435,394,textbox,292,37,407,75
eight0116.xml,435,394,textbox,372,93,402,116
eight0116.xml,435,394,textbox,373,113,408,134
eight0116.xml,435,394,textbox,371,130,407,152
eight0116.xml,435,394,textbox,373,152,409,178
eight0116.xml,435,394,textbox,27,260,403,279
eight0116.xml,435,394,textbox,25,277,403,307
eight0116.xml,435,394,textbox,21,320,104,366
eight0116.xml,435,394,textbox,311,310,407,366
Buffet312.xml,417,289,textbox,76,17,333,45
Buffet312.xml,417,289,textbox,14,154,201,179
Buffet312.xml,417,289,radio_button,17,189,147,207
Buffet312.xml,417,289,radio_button,14,205,149,225
Buffet312.xml,417,289,radio_button,9,226,151,247
Buffet312.xml,417,289,textbox,18,251,252,274
Buffet312.xml,417,289,image,125,53,287,147
Temp_524.xml,409,143,image,14,16,202,122
Temp_524.xml,409,143,radio_button,208,89,294,111
Temp_524.xml,409,143,radio_button,210,108,293,128
Temp_524.xml,409,143,textbox,215,23,365,58
nine3.xml,415,260,textbox,13,22,120,50
nine3.xml,415,260,checkbox,27,57,87,84
nine3.xml,415,260,textbox,31,86,84,111
nine3.xml,415,260,textbox,26,113,358,153
nine3.xml,415,260,textbox,27,151,385,192
nine3.xml,415,260,radio_button,19,206,77,225
nine3.xml,415,260,radio_button,17,224,81,243
eight0115.xml,435,394,image,26,28,76,66
eight0115.xml,435,394,image,180,323,240,358
eight0115.xml,435,394,radio_button,28,87,117,116
eight0115.xml,435,394,radio_button,22,106,115,127
eight0115.xml,435,394,radio_button,22,127,158,150
eight0115.xml,435,394,textbox,24,156,115,177
eight0115.xml,435,394,textbox,20,200,141,219
eight0115.xml,435,394,textbox,33,178,107,199
eight0115.xml,435,394,textbox,22,220,112,243
eight0115.xml,435,394,textbox,318,21,402,49
eight0115.xml,435,394,textbox,292,37,407,75
eight0115.xml,435,394,textbox,372,93,402,116
eight0115.xml,435,394,textbox,373,113,408,134
eight0115.xml,435,394,textbox,371,130,407,152
eight0115.xml,435,394,textbox,373,152,409,178
eight0115.xml,435,394,textbox,27,260,403,279
eight0115.xml,435,394,textbox,25,277,403,307
eight0115.xml,435,394,textbox,21,320,104,366
eight0115.xml,435,394,textbox,311,310,407,366
Temp_5213.xml,409,143,image,14,16,202,122
Temp_5213.xml,409,143,radio_button,208,89,294,111
Temp_5213.xml,409,143,radio_button,210,108,293,128
Temp_5213.xml,409,143,textbox,215,23,365,58
nine0.xml,415,260,textbox,13,22,120,50
nine0.xml,415,260,checkbox,27,57,87,84
nine0.xml,415,260,textbox,31,86,84,111
nine0.xml,415,260,textbox,26,113,358,153
nine0.xml,415,260,textbox,27,151,385,192
nine0.xml,415,260,radio_button,19,206,77,225
nine0.xml,415,260,radio_button,17,224,81,243
eight012.xml,435,394,image,26,28,76,66
eight012.xml,435,394,image,180,323,240,358
eight012.xml,435,394,radio_button,28,87,117,116
eight012.xml,435,394,radio_button,22,106,115,127
eight012.xml,435,394,radio_button,22,127,158,150
eight012.xml,435,394,textbox,24,156,115,177
eight012.xml,435,394,textbox,20,200,141,219
eight012.xml,435,394,textbox,33,178,107,199
eight012.xml,435,394,textbox,22,220,112,243
eight012.xml,435,394,textbox,318,21,402,49
eight012.xml,435,394,textbox,292,37,407,75
eight012.xml,435,394,textbox,372,93,402,116
eight012.xml,435,394,textbox,373,113,408,134
eight012.xml,435,394,textbox,371,130,407,152
eight012.xml,435,394,textbox,373,152,409,178
eight012.xml,435,394,textbox,27,260,403,279
eight012.xml,435,394,textbox,25,277,403,307
eight012.xml,435,394,textbox,21,320,104,366
eight012.xml,435,394,textbox,311,310,407,366
ten14.xml,422,232,textbox,27,22,137,47
ten14.xml,422,232,textbox,29,45,148,65
ten14.xml,422,232,textbox,28,67,132,85
ten14.xml,422,232,textbox,25,81,88,119
ten14.xml,422,232,checkbox,25,124,178,144
ten14.xml,422,232,radio_button,14,149,110,165
ten14.xml,422,232,radio_button,21,165,111,188
ten14.xml,422,232,checkbox,17,193,176,214
ss7910.xml,591,445,textbox,87,31,181,58
ss7910.xml,591,445,textbox,89,58,239,76
ss7910.xml,591,445,textbox,22,87,333,122
ss7910.xml,591,445,textbox,21,133,242,157
ss7910.xml,591,445,textbox,17,273,234,291
ss7910.xml,591,445,textbox,381,259,526,290
ss7910.xml,591,445,textbox,13,290,146,327
ss7910.xml,591,445,textbox,385,284,522,324
ss7910.xml,591,445,textbox,28,352,178,416
ss7910.xml,591,445,textbox,389,341,523,402
ss7910.xml,591,445,image,435,36,480,74
ss7910.xml,591,445,image,484,34,540,76
ss7910.xml,591,445,image,20,10,78,80
Buffet32.xml,417,289,textbox,76,17,333,45
Buffet32.xml,417,289,textbox,14,154,201,179
Buffet32.xml,417,289,radio_button,17,189,147,207
Buffet32.xml,417,289,radio_button,14,205,149,225
Buffet32.xml,417,289,radio_button,9,226,151,247
Buffet32.xml,417,289,textbox,18,251,252,274
Buffet32.xml,417,289,image,125,53,287,147
Holidytrip213.xml,419,359,textbox,130,14,288,48
Holidytrip213.xml,419,359,textbox,16,202,384,234
Holidytrip213.xml,419,359,textbox,17,229,217,255
Holidytrip213.xml,419,359,textbox,118,320,304,345
Holidytrip213.xml,419,359,radio_button,13,255,109,278
Holidytrip213.xml,419,359,radio_button,17,278,109,295
Holidytrip213.xml,419,359,radio_button,16,294,111,317
Holidytrip213.xml,419,359,image,20,53,366,198
nine17.xml,415,260,textbox,13,22,120,50
nine17.xml,415,260,checkbox,27,57,87,84
nine17.xml,415,260,textbox,31,86,84,111
nine17.xml,415,260,textbox,26,113,358,153
nine17.xml,415,260,textbox,27,151,385,192
nine17.xml,415,260,radio_button,19,206,77,225
nine17.xml,415,260,radio_button,17,224,81,243
eight017.xml,435,394,image,26,28,76,66
eight017.xml,435,394,image,180,323,240,358
eight017.xml,435,394,radio_button,28,87,117,116
eight017.xml,435,394,radio_button,22,106,115,127
eight017.xml,435,394,radio_button,22,127,158,150
eight017.xml,435,394,textbox,24,156,115,177
eight017.xml,435,394,textbox,20,200,141,219
eight017.xml,435,394,textbox,33,178,107,199
eight017.xml,435,394,textbox,22,220,112,243
eight017.xml,435,394,textbox,318,21,402,49
eight017.xml,435,394,textbox,292,37,407,75
eight017.xml,435,394,textbox,372,93,402,116
eight017.xml,435,394,textbox,373,113,408,134
eight017.xml,435,394,textbox,371,130,407,152
eight017.xml,435,394,textbox,373,152,409,178
eight017.xml,435,394,textbox,27,260,403,279
eight017.xml,435,394,textbox,25,277,403,307
eight017.xml,435,394,textbox,21,320,104,366
eight017.xml,435,394,textbox,311,310,407,366
Buffet315.xml,417,289,textbox,76,17,333,45
Buffet315.xml,417,289,textbox,14,154,201,179
Buffet315.xml,417,289,radio_button,17,189,147,207
Buffet315.xml,417,289,radio_button,14,205,149,225
Buffet315.xml,417,289,radio_button,9,226,151,247
Buffet315.xml,417,289,textbox,18,251,252,274
Buffet315.xml,417,289,image,125,53,287,147
Buffet31.xml,417,289,textbox,76,17,333,45
Buffet31.xml,417,289,textbox,14,154,201,179
Buffet31.xml,417,289,radio_button,17,189,147,207
Buffet31.xml,417,289,radio_button,14,205,149,225
Buffet31.xml,417,289,radio_button,9,226,151,247
Buffet31.xml,417,289,textbox,18,251,252,274
Buffet31.xml,417,289,image,125,53,287,147
nine13.xml,415,260,textbox,13,22,120,50
nine13.xml,415,260,checkbox,27,57,87,84
nine13.xml,415,260,textbox,31,86,84,111
nine13.xml,415,260,textbox,26,113,358,153
nine13.xml,415,260,textbox,27,151,385,192
nine13.xml,415,260,radio_button,19,206,77,225
nine13.xml,415,260,radio_button,17,224,81,243
ss4513.xml,429,312,textbox,20,113,123,174
ss4513.xml,429,312,textbox,19,181,154,215
ss4513.xml,429,312,textbox,15,224,152,253
ss4513.xml,429,312,textbox,17,252,156,276
ss4513.xml,429,312,textbox,190,29,254,63
ss4513.xml,429,312,textbox,341,27,400,58
ss4513.xml,429,312,textbox,196,67,289,145
ss4513.xml,429,312,textbox,320,71,411,143
ss4513.xml,429,312,image,255,36,313,62
ss4513.xml,429,312,image,314,32,334,57
ss4513.xml,429,312,image,12,26,191,104
eight011.xml,435,394,image,26,28,76,66
eight011.xml,435,394,image,180,323,240,358
eight011.xml,435,394,radio_button,28,87,117,116
eight011.xml,435,394,radio_button,22,106,115,127
eight011.xml,435,394,radio_button,22,127,158,150
eight011.xml,435,394,textbox,24,156,115,177
eight011.xml,435,394,textbox,20,200,141,219
eight011.xml,435,394,textbox,33,178,107,199
eight011.xml,435,394,textbox,22,220,112,243
eight011.xml,435,394,textbox,318,21,402,49
eight011.xml,435,394,textbox,292,37,407,75
eight011.xml,435,394,textbox,372,93,402,116
eight011.xml,435,394,textbox,373,113,408,134
eight011.xml,435,394,textbox,371,130,407,152
eight011.xml,435,394,textbox,373,152,409,178
eight011.xml,435,394,textbox,27,260,403,279
eight011.xml,435,394,textbox,25,277,403,307
eight011.xml,435,394,textbox,21,320,104,366
eight011.xml,435,394,textbox,311,310,407,366
Holidytrip212.xml,419,359,textbox,130,14,288,48
Holidytrip212.xml,419,359,textbox,16,202,384,234
Holidytrip212.xml,419,359,textbox,17,229,217,255
Holidytrip212.xml,419,359,textbox,118,320,304,345
Holidytrip212.xml,419,359,radio_button,13,255,109,278
Holidytrip212.xml,419,359,radio_button,17,278,109,295
Holidytrip212.xml,419,359,radio_button,16,294,111,317
Holidytrip212.xml,419,359,image,20,53,366,198
ss7919.xml,591,445,textbox,87,31,181,58
ss7919.xml,591,445,textbox,89,58,239,76
ss7919.xml,591,445,textbox,22,87,333,122
ss7919.xml,591,445,textbox,21,133,242,157
ss7919.xml,591,445,textbox,17,273,234,291
ss7919.xml,591,445,textbox,381,259,526,290
ss7919.xml,591,445,textbox,13,290,146,327
ss7919.xml,591,445,textbox,385,284,522,324
ss7919.xml,591,445,textbox,28,352,178,416
ss7919.xml,591,445,textbox,389,341,523,402
ss7919.xml,591,445,image,435,36,480,74
ss7919.xml,591,445,image,484,34,540,76
ss7919.xml,591,445,image,20,10,78,80
ten10.xml,422,232,textbox,27,22,137,47
ten10.xml,422,232,textbox,29,45,148,65
ten10.xml,422,232,textbox,28,67,132,85
ten10.xml,422,232,textbox,25,81,88,119
ten10.xml,422,232,checkbox,25,124,178,144
ten10.xml,422,232,radio_button,14,149,110,165
ten10.xml,422,232,radio_button,21,165,111,188
ten10.xml,422,232,checkbox,17,193,176,214
ss4519.xml,429,312,textbox,20,113,123,174
ss4519.xml,429,312,textbox,19,181,154,215
ss4519.xml,429,312,textbox,15,224,152,253
ss4519.xml,429,312,textbox,17,252,156,276
ss4519.xml,429,312,textbox,190,29,254,63
ss4519.xml,429,312,textbox,341,27,400,58
ss4519.xml,429,312,textbox,196,67,289,145
ss4519.xml,429,312,textbox,320,71,411,143
ss4519.xml,429,312,image,255,36,313,62
ss4519.xml,429,312,image,314,32,334,57
ss4519.xml,429,312,image,12,26,191,104
ss7917.xml,591,445,textbox,87,31,181,58
ss7917.xml,591,445,textbox,89,58,239,76
ss7917.xml,591,445,textbox,22,87,333,122
ss7917.xml,591,445,textbox,21,133,242,157
ss7917.xml,591,445,textbox,17,273,234,291
ss7917.xml,591,445,textbox,381,259,526,290
ss7917.xml,591,445,textbox,13,290,146,327
ss7917.xml,591,445,textbox,385,284,522,324
ss7917.xml,591,445,textbox,28,352,178,416
ss7917.xml,591,445,textbox,389,341,523,402
ss7917.xml,591,445,image,435,36,480,74
ss7917.xml,591,445,image,484,34,540,76
ss7917.xml,591,445,image,20,10,78,80
ten2.xml,422,232,textbox,27,22,137,47
ten2.xml,422,232,textbox,29,45,148,65
ten2.xml,422,232,textbox,28,67,132,85
ten2.xml,422,232,textbox,25,81,88,119
ten2.xml,422,232,checkbox,25,124,178,144
ten2.xml,422,232,radio_button,14,149,110,165
ten2.xml,422,232,radio_button,21,165,111,188
ten2.xml,422,232,checkbox,17,193,176,214
ss7911.xml,591,445,textbox,87,31,181,58
ss7911.xml,591,445,textbox,89,58,239,76
ss7911.xml,591,445,textbox,22,87,333,122
ss7911.xml,591,445,textbox,21,133,242,157
ss7911.xml,591,445,textbox,17,273,234,291
ss7911.xml,591,445,textbox,381,259,526,290
ss7911.xml,591,445,textbox,13,290,146,327
ss7911.xml,591,445,textbox,385,284,522,324
ss7911.xml,591,445,textbox,28,352,178,416
ss7911.xml,591,445,textbox,389,341,523,402
ss7911.xml,591,445,image,435,36,480,74
ss7911.xml,591,445,image,484,34,540,76
ss7911.xml,591,445,image,20,10,78,80
one4019.xml,420,246,textbox,20,24,70,46
one4019.xml,420,246,textbox,19,48,149,82
one4019.xml,420,246,textbox,19,105,258,150
one4019.xml,420,246,radio_button,15,159,83,176
one4019.xml,420,246,radio_button,17,173,81,196
one4019.xml,420,246,checkbox,19,196,167,224
one4019.xml,420,246,image,273,26,399,149
one4011.xml,420,246,textbox,20,24,70,46
one4011.xml,420,246,textbox,19,48,149,82
one4011.xml,420,246,textbox,19,105,258,150
one4011.xml,420,246,radio_button,15,159,83,176
one4011.xml,420,246,radio_button,17,173,81,196
one4011.xml,420,246,checkbox,19,196,167,224
one4011.xml,420,246,image,273,26,399,149
ss795.xml,591,445,textbox,87,31,181,58
ss795.xml,591,445,textbox,89,58,239,76
ss795.xml,591,445,textbox,22,87,333,122
ss795.xml,591,445,textbox,21,133,242,157
ss795.xml,591,445,textbox,17,273,234,291
ss795.xml,591,445,textbox,381,259,526,290
ss795.xml,591,445,textbox,13,290,146,327
ss795.xml,591,445,textbox,385,284,522,324
ss795.xml,591,445,textbox,28,352,178,416
ss795.xml,591,445,textbox,389,341,523,402
ss795.xml,591,445,image,435,36,480,74
ss795.xml,591,445,image,484,34,540,76
ss795.xml,591,445,image,20,10,78,80
eight016.xml,435,394,image,26,28,76,66
eight016.xml,435,394,image,180,323,240,358
eight016.xml,435,394,radio_button,28,87,117,116
eight016.xml,435,394,radio_button,22,106,115,127
eight016.xml,435,394,radio_button,22,127,158,150
eight016.xml,435,394,textbox,24,156,115,177
eight016.xml,435,394,textbox,20,200,141,219
eight016.xml,435,394,textbox,33,178,107,199
eight016.xml,435,394,textbox,22,220,112,243
eight016.xml,435,394,textbox,318,21,402,49
eight016.xml,435,394,textbox,292,37,407,75
eight016.xml,435,394,textbox,372,93,402,116
eight016.xml,435,394,textbox,373,113,408,134
eight016.xml,435,394,textbox,371,130,407,152
eight016.xml,435,394,textbox,373,152,409,178
eight016.xml,435,394,textbox,27,260,403,279
eight016.xml,435,394,textbox,25,277,403,307
eight016.xml,435,394,textbox,21,320,104,366
eight016.xml,435,394,textbox,311,310,407,366
eight0114.xml,435,394,image,26,28,76,66
eight0114.xml,435,394,image,180,323,240,358
eight0114.xml,435,394,radio_button,28,87,117,116
eight0114.xml,435,394,radio_button,22,106,115,127
eight0114.xml,435,394,radio_button,22,127,158,150
eight0114.xml,435,394,textbox,24,156,115,177
eight0114.xml,435,394,textbox,20,200,141,219
eight0114.xml,435,394,textbox,33,178,107,199
eight0114.xml,435,394,textbox,22,220,112,243
eight0114.xml,435,394,textbox,318,21,402,49
eight0114.xml,435,394,textbox,292,37,407,75
eight0114.xml,435,394,textbox,372,93,402,116
eight0114.xml,435,394,textbox,373,113,408,134
eight0114.xml,435,394,textbox,371,130,407,152
eight0114.xml,435,394,textbox,373,152,409,178
eight0114.xml,435,394,textbox,27,260,403,279
eight0114.xml,435,394,textbox,25,277,403,307
eight0114.xml,435,394,textbox,21,320,104,366
eight0114.xml,435,394,textbox,311,310,407,366
ten15.xml,422,232,textbox,27,22,137,47
ten15.xml,422,232,textbox,29,45,148,65
ten15.xml,422,232,textbox,28,67,132,85
ten15.xml,422,232,textbox,25,81,88,119
ten15.xml,422,232,checkbox,25,124,178,144
ten15.xml,422,232,radio_button,14,149,110,165
ten15.xml,422,232,radio_button,21,165,111,188
ten15.xml,422,232,checkbox,17,193,176,214
eight0111.xml,435,394,image,26,28,76,66
eight0111.xml,435,394,image,180,323,240,358
eight0111.xml,435,394,radio_button,28,87,117,116
eight0111.xml,435,394,radio_button,22,106,115,127
eight0111.xml,435,394,radio_button,22,127,158,150
eight0111.xml,435,394,textbox,24,156,115,177
eight0111.xml,435,394,textbox,20,200,141,219
eight0111.xml,435,394,textbox,33,178,107,199
eight0111.xml,435,394,textbox,22,220,112,243
eight0111.xml,435,394,textbox,318,21,402,49
eight0111.xml,435,394,textbox,292,37,407,75
eight0111.xml,435,394,textbox,372,93,402,116
eight0111.xml,435,394,textbox,373,113,408,134
eight0111.xml,435,394,textbox,371,130,407,152
eight0111.xml,435,394,textbox,373,152,409,178
eight0111.xml,435,394,textbox,27,260,403,279
eight0111.xml,435,394,textbox,25,277,403,307
eight0111.xml,435,394,textbox,21,320,104,366
eight0111.xml,435,394,textbox,311,310,407,366
Temp_520.xml,409,143,image,14,16,202,122
Temp_520.xml,409,143,radio_button,208,89,294,111
Temp_520.xml,409,143,radio_button,210,108,293,128
Temp_520.xml,409,143,textbox,215,23,365,58
eight0119.xml,435,394,image,26,28,76,66
eight0119.xml,435,394,image,180,323,240,358
eight0119.xml,435,394,radio_button,28,87,117,116
eight0119.xml,435,394,radio_button,22,106,115,127
eight0119.xml,435,394,radio_button,22,127,158,150
eight0119.xml,435,394,textbox,24,156,115,177
eight0119.xml,435,394,textbox,20,200,141,219
eight0119.xml,435,394,textbox,33,178,107,199
eight0119.xml,435,394,textbox,22,220,112,243
eight0119.xml,435,394,textbox,318,21,402,49
eight0119.xml,435,394,textbox,292,37,407,75
eight0119.xml,435,394,textbox,372,93,402,116
eight0119.xml,435,394,textbox,373,113,408,134
eight0119.xml,435,394,textbox,371,130,407,152
eight0119.xml,435,394,textbox,373,152,409,178
eight0119.xml,435,394,textbox,27,260,403,279
eight0119.xml,435,394,textbox,25,277,403,307
eight0119.xml,435,394,textbox,21,320,104,366
eight0119.xml,435,394,textbox,311,310,407,366
ss4517.xml,429,312,textbox,20,113,123,174
ss4517.xml,429,312,textbox,19,181,154,215
ss4517.xml,429,312,textbox,15,224,152,253
ss4517.xml,429,312,textbox,17,252,156,276
ss4517.xml,429,312,textbox,190,29,254,63
ss4517.xml,429,312,textbox,341,27,400,58
ss4517.xml,429,312,textbox,196,67,289,145
ss4517.xml,429,312,textbox,320,71,411,143
ss4517.xml,429,312,image,255,36,313,62
ss4517.xml,429,312,image,314,32,334,57
ss4517.xml,429,312,image,12,26,191,104
Holidytrip215.xml,419,359,textbox,130,14,288,48
Holidytrip215.xml,419,359,textbox,16,202,384,234
Holidytrip215.xml,419,359,textbox,17,229,217,255
Holidytrip215.xml,419,359,textbox,118,320,304,345
Holidytrip215.xml,419,359,radio_button,13,255,109,278
Holidytrip215.xml,419,359,radio_button,17,278,109,295
Holidytrip215.xml,419,359,radio_button,16,294,111,317
Holidytrip215.xml,419,359,image,20,53,366,198
ss7918.xml,591,445,textbox,87,31,181,58
ss7918.xml,591,445,textbox,89,58,239,76
ss7918.xml,591,445,textbox,22,87,333,122
ss7918.xml,591,445,textbox,21,133,242,157
ss7918.xml,591,445,textbox,17,273,234,291
ss7918.xml,591,445,textbox,381,259,526,290
ss7918.xml,591,445,textbox,13,290,146,327
ss7918.xml,591,445,textbox,385,284,522,324
ss7918.xml,591,445,textbox,28,352,178,416
ss7918.xml,591,445,textbox,389,341,523,402
ss7918.xml,591,445,image,435,36,480,74
ss7918.xml,591,445,image,484,34,540,76
ss7918.xml,591,445,image,20,10,78,80
one402.xml,420,246,textbox,20,24,70,46
one402.xml,420,246,textbox,19,48,149,82
one402.xml,420,246,textbox,19,105,258,150
one402.xml,420,246,radio_button,15,159,83,176
one402.xml,420,246,radio_button,17,173,81,196
one402.xml,420,246,checkbox,19,196,167,224
one402.xml,420,246,image,273,26,399,149
one409.xml,420,246,textbox,20,24,70,46
one409.xml,420,246,textbox,19,48,149,82
one409.xml,420,246,textbox,19,105,258,150
one409.xml,420,246,radio_button,15,159,83,176
one409.xml,420,246,radio_button,17,173,81,196
one409.xml,420,246,checkbox,19,196,167,224
one409.xml,420,246,image,273,26,399,149
ss4518.xml,429,312,textbox,20,113,123,174
ss4518.xml,429,312,textbox,19,181,154,215
ss4518.xml,429,312,textbox,15,224,152,253
ss4518.xml,429,312,textbox,17,252,156,276
ss4518.xml,429,312,textbox,190,29,254,63
ss4518.xml,429,312,textbox,341,27,400,58
ss4518.xml,429,312,textbox,196,67,289,145
ss4518.xml,429,312,textbox,320,71,411,143
ss4518.xml,429,312,image,255,36,313,62
ss4518.xml,429,312,image,314,32,334,57
ss4518.xml,429,312,image,12,26,191,104
ten4.xml,422,232,textbox,27,22,137,47
ten4.xml,422,232,textbox,29,45,148,65
ten4.xml,422,232,textbox,28,67,132,85
ten4.xml,422,232,textbox,25,81,88,119
ten4.xml,422,232,checkbox,25,124,178,144
ten4.xml,422,232,radio_button,14,149,110,165
ten4.xml,422,232,radio_button,21,165,111,188
ten4.xml,422,232,checkbox,17,193,176,214
Holidytrip26.xml,419,359,textbox,130,14,288,48
Holidytrip26.xml,419,359,textbox,16,202,384,234
Holidytrip26.xml,419,359,textbox,17,229,217,255
Holidytrip26.xml,419,359,textbox,118,320,304,345
Holidytrip26.xml,419,359,radio_button,13,255,109,278
Holidytrip26.xml,419,359,radio_button,17,278,109,295
Holidytrip26.xml,419,359,radio_button,16,294,111,317
Holidytrip26.xml,419,359,image,20,53,366,198
ss452.xml,429,312,textbox,20,113,123,174
ss452.xml,429,312,textbox,19,181,154,215
ss452.xml,429,312,textbox,15,224,152,253
ss452.xml,429,312,textbox,17,252,156,276
ss452.xml,429,312,textbox,190,29,254,63
ss452.xml,429,312,textbox,341,27,400,58
ss452.xml,429,312,textbox,196,67,289,145
ss452.xml,429,312,textbox,320,71,411,143
ss452.xml,429,312,image,255,36,313,62
ss452.xml,429,312,image,314,32,334,57
ss452.xml,429,312,image,12,26,191,104
one403.xml,420,246,textbox,20,24,70,46
one403.xml,420,246,textbox,19,48,149,82
one403.xml,420,246,textbox,19,105,258,150
one403.xml,420,246,radio_button,15,159,83,176
one403.xml,420,246,radio_button,17,173,81,196
one403.xml,420,246,checkbox,19,196,167,224
one403.xml,420,246,image,273,26,399,149
Holidytrip28.xml,419,359,textbox,130,14,288,48
Holidytrip28.xml,419,359,textbox,16,202,384,234
Holidytrip28.xml,419,359,textbox,17,229,217,255
Holidytrip28.xml,419,359,textbox,118,320,304,345
Holidytrip28.xml,419,359,radio_button,13,255,109,278
Holidytrip28.xml,419,359,radio_button,17,278,109,295
Holidytrip28.xml,419,359,radio_button,16,294,111,317
Holidytrip28.xml,419,359,image,20,53,366,198
Temp_449.xml,411,261,radio_button,13,208,107,229
Temp_449.xml,411,261,radio_button,16,229,110,250
Temp_449.xml,411,261,textbox,14,9,301,44
Temp_449.xml,411,261,textbox,13,49,274,80
Temp_449.xml,411,261,image,8,145,102,206
Temp_449.xml,411,261,image,14,79,98,139
eight018.xml,435,394,image,26,28,76,66
eight018.xml,435,394,image,180,323,240,358
eight018.xml,435,394,radio_button,28,87,117,116
eight018.xml,435,394,radio_button,22,106,115,127
eight018.xml,435,394,radio_button,22,127,158,150
eight018.xml,435,394,textbox,24,156,115,177
eight018.xml,435,394,textbox,20,200,141,219
eight018.xml,435,394,textbox,33,178,107,199
eight018.xml,435,394,textbox,22,220,112,243
eight018.xml,435,394,textbox,318,21,402,49
eight018.xml,435,394,textbox,292,37,407,75
eight018.xml,435,394,textbox,372,93,402,116
eight018.xml,435,394,textbox,373,113,408,134
eight018.xml,435,394,textbox,371,130,407,152
eight018.xml,435,394,textbox,373,152,409,178
eight018.xml,435,394,textbox,27,260,403,279
eight018.xml,435,394,textbox,25,277,403,307
eight018.xml,435,394,textbox,21,320,104,366
eight018.xml,435,394,textbox,311,310,407,366
Buffet314.xml,417,289,textbox,76,17,333,45
Buffet314.xml,417,289,textbox,14,154,201,179
Buffet314.xml,417,289,radio_button,17,189,147,207
Buffet314.xml,417,289,radio_button,14,205,149,225
Buffet314.xml,417,289,radio_button,9,226,151,247
Buffet314.xml,417,289,textbox,18,251,252,274
Buffet314.xml,417,289,image,125,53,287,147
Buffet35.xml,417,289,textbox,76,17,333,45
Buffet35.xml,417,289,textbox,14,154,201,179
Buffet35.xml,417,289,radio_button,17,189,147,207
Buffet35.xml,417,289,radio_button,14,205,149,225
Buffet35.xml,417,289,radio_button,9,226,151,247
Buffet35.xml,417,289,textbox,18,251,252,274
Buffet35.xml,417,289,image,125,53,287,147
Temp_4413.xml,411,261,radio_button,13,208,107,229
Temp_4413.xml,411,261,radio_button,16,229,110,250
Temp_4413.xml,411,261,textbox,14,9,301,44
Temp_4413.xml,411,261,textbox,13,49,274,80
Temp_4413.xml,411,261,image,8,145,102,206
Temp_4413.xml,411,261,image,14,79,98,139
eight015.xml,435,394,image,26,28,76,66
eight015.xml,435,394,image,180,323,240,358
eight015.xml,435,394,radio_button,28,87,117,116
eight015.xml,435,394,radio_button,22,106,115,127
eight015.xml,435,394,radio_button,22,127,158,150
eight015.xml,435,394,textbox,24,156,115,177
eight015.xml,435,394,textbox,20,200,141,219
eight015.xml,435,394,textbox,33,178,107,199
eight015.xml,435,394,textbox,22,220,112,243
eight015.xml,435,394,textbox,318,21,402,49
eight015.xml,435,394,textbox,292,37,407,75
eight015.xml,435,394,textbox,372,93,402,116
eight015.xml,435,394,textbox,373,113,408,134
eight015.xml,435,394,textbox,371,130,407,152
eight015.xml,435,394,textbox,373,152,409,178
eight015.xml,435,394,textbox,27,260,403,279
eight015.xml,435,394,textbox,25,277,403,307
eight015.xml,435,394,textbox,21,320,104,366
eight015.xml,435,394,textbox,311,310,407,366
one4012.xml,420,246,textbox,20,24,70,46
one4012.xml,420,246,textbox,19,48,149,82
one4012.xml,420,246,textbox,19,105,258,150
one4012.xml,420,246,radio_button,15,159,83,176
one4012.xml,420,246,radio_button,17,173,81,196
one4012.xml,420,246,checkbox,19,196,167,224
one4012.xml,420,246,image,273,26,399,149
one404.xml,420,246,textbox,20,24,70,46
one404.xml,420,246,textbox,19,48,149,82
one404.xml,420,246,textbox,19,105,258,150
one404.xml,420,246,radio_button,15,159,83,176
one404.xml,420,246,radio_button,17,173,81,196
one404.xml,420,246,checkbox,19,196,167,224
one404.xml,420,246,image,273,26,399,149
one4014.xml,420,246,textbox,20,24,70,46
one4014.xml,420,246,textbox,19,48,149,82
one4014.xml,420,246,textbox,19,105,258,150
one4014.xml,420,246,radio_button,15,159,83,176
one4014.xml,420,246,radio_button,17,173,81,196
one4014.xml,420,246,checkbox,19,196,167,224
one4014.xml,420,246,image,273,26,399,149
Temp_4417.xml,411,261,radio_button,13,208,107,229
Temp_4417.xml,411,261,radio_button,16,229,110,250
Temp_4417.xml,411,261,textbox,14,9,301,44
Temp_4417.xml,411,261,textbox,13,49,274,80
Temp_4417.xml,411,261,image,8,145,102,206
Temp_4417.xml,411,261,image,14,79,98,139
eight0110.xml,435,394,image,26,28,76,66
eight0110.xml,435,394,image,180,323,240,358
eight0110.xml,435,394,radio_button,28,87,117,116
eight0110.xml,435,394,radio_button,22,106,115,127
eight0110.xml,435,394,radio_button,22,127,158,150
eight0110.xml,435,394,textbox,24,156,115,177
eight0110.xml,435,394,textbox,20,200,141,219
eight0110.xml,435,394,textbox,33,178,107,199
eight0110.xml,435,394,textbox,22,220,112,243
eight0110.xml,435,394,textbox,318,21,402,49
eight0110.xml,435,394,textbox,292,37,407,75
eight0110.xml,435,394,textbox,372,93,402,116
eight0110.xml,435,394,textbox,373,113,408,134
eight0110.xml,435,394,textbox,371,130,407,152
eight0110.xml,435,394,textbox,373,152,409,178
eight0110.xml,435,394,textbox,27,260,403,279
eight0110.xml,435,394,textbox,25,277,403,307
eight0110.xml,435,394,textbox,21,320,104,366
eight0110.xml,435,394,textbox,311,310,407,366
ss7913.xml,591,445,textbox,87,31,181,58
ss7913.xml,591,445,textbox,89,58,239,76
ss7913.xml,591,445,textbox,22,87,333,122
ss7913.xml,591,445,textbox,21,133,242,157
ss7913.xml,591,445,textbox,17,273,234,291
ss7913.xml,591,445,textbox,381,259,526,290
ss7913.xml,591,445,textbox,13,290,146,327
ss7913.xml,591,445,textbox,385,284,522,324
ss7913.xml,591,445,textbox,28,352,178,416
ss7913.xml,591,445,textbox,389,341,523,402
ss7913.xml,591,445,image,435,36,480,74
ss7913.xml,591,445,image,484,34,540,76
ss7913.xml,591,445,image,20,10,78,80
ten0.xml,422,232,textbox,27,22,137,47
ten0.xml,422,232,textbox,29,45,148,65
ten0.xml,422,232,textbox,28,67,132,85
ten0.xml,422,232,textbox,25,81,88,119
ten0.xml,422,232,checkbox,25,124,178,144
ten0.xml,422,232,radio_button,14,149,110,165
ten0.xml,422,232,radio_button,21,165,111,188
ten0.xml,422,232,checkbox,17,193,176,214
nine16.xml,415,260,textbox,13,22,120,50
nine16.xml,415,260,checkbox,27,57,87,84
nine16.xml,415,260,textbox,31,86,84,111
nine16.xml,415,260,textbox,26,113,358,153
nine16.xml,415,260,textbox,27,151,385,192
nine16.xml,415,260,radio_button,19,206,77,225
nine16.xml,415,260,radio_button,17,224,81,243
nine14.xml,415,260,textbox,13,22,120,50
nine14.xml,415,260,checkbox,27,57,87,84
nine14.xml,415,260,textbox,31,86,84,111
nine14.xml,415,260,textbox,26,113,358,153
nine14.xml,415,260,textbox,27,151,385,192
nine14.xml,415,260,radio_button,19,206,77,225
nine14.xml,415,260,radio_button,17,224,81,243
ten3.xml,422,232,textbox,27,22,137,47
ten3.xml,422,232,textbox,29,45,148,65
ten3.xml,422,232,textbox,28,67,132,85
ten3.xml,422,232,textbox,25,81,88,119
ten3.xml,422,232,checkbox,25,124,178,144
ten3.xml,422,232,radio_button,14,149,110,165
ten3.xml,422,232,radio_button,21,165,111,188
ten3.xml,422,232,checkbox,17,193,176,214
Temp_444.xml,411,261,radio_button,13,208,107,229
Temp_444.xml,411,261,radio_button,16,229,110,250
Temp_444.xml,411,261,textbox,14,9,301,44
Temp_444.xml,411,261,textbox,13,49,274,80
Temp_444.xml,411,261,image,8,145,102,206
Temp_444.xml,411,261,image,14,79,98,139
Temp_529.xml,409,143,image,14,16,202,122
Temp_529.xml,409,143,radio_button,208,89,294,111
Temp_529.xml,409,143,radio_button,210,108,293,128
Temp_529.xml,409,143,textbox,215,23,365,58
Holidytrip216.xml,419,359,textbox,130,14,288,48
Holidytrip216.xml,419,359,textbox,16,202,384,234
Holidytrip216.xml,419,359,textbox,17,229,217,255
Holidytrip216.xml,419,359,textbox,118,320,304,345
Holidytrip216.xml,419,359,radio_button,13,255,109,278
Holidytrip216.xml,419,359,radio_button,17,278,109,295
Holidytrip216.xml,419,359,radio_button,16,294,111,317
Holidytrip216.xml,419,359,image,20,53,366,198
ss453.xml,429,312,textbox,20,113,123,174
ss453.xml,429,312,textbox,19,181,154,215
ss453.xml,429,312,textbox,15,224,152,253
ss453.xml,429,312,textbox,17,252,156,276
ss453.xml,429,312,textbox,190,29,254,63
ss453.xml,429,312,textbox,341,27,400,58
ss453.xml,429,312,textbox,196,67,289,145
ss453.xml,429,312,textbox,320,71,411,143
ss453.xml,429,312,image,255,36,313,62
ss453.xml,429,312,image,314,32,334,57
ss453.xml,429,312,image,12,26,191,104
ten16.xml,422,232,textbox,27,22,137,47
ten16.xml,422,232,textbox,29,45,148,65
ten16.xml,422,232,textbox,28,67,132,85
ten16.xml,422,232,textbox,25,81,88,119
ten16.xml,422,232,checkbox,25,124,178,144
ten16.xml,422,232,radio_button,14,149,110,165
ten16.xml,422,232,radio_button,21,165,111,188
ten16.xml,422,232,checkbox,17,193,176,214
ten6.xml,422,232,textbox,27,22,137,47
ten6.xml,422,232,textbox,29,45,148,65
ten6.xml,422,232,textbox,28,67,132,85
ten6.xml,422,232,textbox,25,81,88,119
ten6.xml,422,232,checkbox,25,124,178,144
ten6.xml,422,232,radio_button,14,149,110,165
ten6.xml,422,232,radio_button,21,165,111,188
ten6.xml,422,232,checkbox,17,193,176,214
one407.xml,420,246,textbox,20,24,70,46
one407.xml,420,246,textbox,19,48,149,82
one407.xml,420,246,textbox,19,105,258,150
one407.xml,420,246,radio_button,15,159,83,176
one407.xml,420,246,radio_button,17,173,81,196
one407.xml,420,246,checkbox,19,196,167,224
one407.xml,420,246,image,273,26,399,149
Buffet318.xml,417,289,textbox,76,17,333,45
Buffet318.xml,417,289,textbox,14,154,201,179
Buffet318.xml,417,289,radio_button,17,189,147,207
Buffet318.xml,417,289,radio_button,14,205,149,225
Buffet318.xml,417,289,radio_button,9,226,151,247
Buffet318.xml,417,289,textbox,18,251,252,274
Buffet318.xml,417,289,image,125,53,287,147
Temp_5211.xml,409,143,image,14,16,202,122
Temp_5211.xml,409,143,radio_button,208,89,294,111
Temp_5211.xml,409,143,radio_button,210,108,293,128
Temp_5211.xml,409,143,textbox,215,23,365,58
ss7915.xml,591,445,textbox,87,31,181,58
ss7915.xml,591,445,textbox,89,58,239,76
ss7915.xml,591,445,textbox,22,87,333,122
ss7915.xml,591,445,textbox,21,133,242,157
ss7915.xml,591,445,textbox,17,273,234,291
ss7915.xml,591,445,textbox,381,259,526,290
ss7915.xml,591,445,textbox,13,290,146,327
ss7915.xml,591,445,textbox,385,284,522,324
ss7915.xml,591,445,textbox,28,352,178,416
ss7915.xml,591,445,textbox,389,341,523,402
ss7915.xml,591,445,image,435,36,480,74
ss7915.xml,591,445,image,484,34,540,76
ss7915.xml,591,445,image,20,10,78,80
ss456.xml,429,312,textbox,20,113,123,174
ss456.xml,429,312,textbox,19,181,154,215
ss456.xml,429,312,textbox,15,224,152,253
ss456.xml,429,312,textbox,17,252,156,276
ss456.xml,429,312,textbox,190,29,254,63
ss456.xml,429,312,textbox,341,27,400,58
ss456.xml,429,312,textbox,196,67,289,145
ss456.xml,429,312,textbox,320,71,411,143
ss456.xml,429,312,image,255,36,313,62
ss456.xml,429,312,image,314,32,334,57
ss456.xml,429,312,image,12,26,191,104
ss4510.xml,429,312,textbox,20,113,123,174
ss4510.xml,429,312,textbox,19,181,154,215
ss4510.xml,429,312,textbox,15,224,152,253
ss4510.xml,429,312,textbox,17,252,156,276
ss4510.xml,429,312,textbox,190,29,254,63
ss4510.xml,429,312,textbox,341,27,400,58
ss4510.xml,429,312,textbox,196,67,289,145
ss4510.xml,429,312,textbox,320,71,411,143
ss4510.xml,429,312,image,255,36,313,62
ss4510.xml,429,312,image,314,32,334,57
ss4510.xml,429,312,image,12,26,191,104
Holidytrip25.xml,419,359,textbox,130,14,288,48
Holidytrip25.xml,419,359,textbox,16,202,384,234
Holidytrip25.xml,419,359,textbox,17,229,217,255
Holidytrip25.xml,419,359,textbox,118,320,304,345
Holidytrip25.xml,419,359,radio_button,13,255,109,278
Holidytrip25.xml,419,359,radio_button,17,278,109,295
Holidytrip25.xml,419,359,radio_button,16,294,111,317
Holidytrip25.xml,419,359,image,20,53,366,198
one4017.xml,420,246,textbox,20,24,70,46
one4017.xml,420,246,textbox,19,48,149,82
one4017.xml,420,246,textbox,19,105,258,150
one4017.xml,420,246,radio_button,15,159,83,176
one4017.xml,420,246,radio_button,17,173,81,196
one4017.xml,420,246,checkbox,19,196,167,224
one4017.xml,420,246,image,273,26,399,149
ten5.xml,422,232,textbox,27,22,137,47
ten5.xml,422,232,textbox,29,45,148,65
ten5.xml,422,232,textbox,28,67,132,85
ten5.xml,422,232,textbox,25,81,88,119
ten5.xml,422,232,checkbox,25,124,178,144
ten5.xml,422,232,radio_button,14,149,110,165
ten5.xml,422,232,radio_button,21,165,111,188
ten5.xml,422,232,checkbox,17,193,176,214
ten8.xml,422,232,textbox,27,22,137,47
ten8.xml,422,232,textbox,29,45,148,65
ten8.xml,422,232,textbox,28,67,132,85
ten8.xml,422,232,textbox,25,81,88,119
ten8.xml,422,232,checkbox,25,124,178,144
ten8.xml,422,232,radio_button,14,149,110,165
ten8.xml,422,232,radio_button,21,165,111,188
ten8.xml,422,232,checkbox,17,193,176,214
ss459.xml,429,312,textbox,20,113,123,174
ss459.xml,429,312,textbox,19,181,154,215
ss459.xml,429,312,textbox,15,224,152,253
ss459.xml,429,312,textbox,17,252,156,276
ss459.xml,429,312,textbox,190,29,254,63
ss459.xml,429,312,textbox,341,27,400,58
ss459.xml,429,312,textbox,196,67,289,145
ss459.xml,429,312,textbox,320,71,411,143
ss459.xml,429,312,image,255,36,313,62
ss459.xml,429,312,image,314,32,334,57
ss459.xml,429,312,image,12,26,191,104
ten1.xml,422,232,textbox,27,22,137,47
ten1.xml,422,232,textbox,29,45,148,65
ten1.xml,422,232,textbox,28,67,132,85
ten1.xml,422,232,textbox,25,81,88,119
ten1.xml,422,232,checkbox,25,124,178,144
ten1.xml,422,232,radio_button,14,149,110,165
ten1.xml,422,232,radio_button,21,165,111,188
ten1.xml,422,232,checkbox,17,193,176,214
ss455.xml,429,312,textbox,20,113,123,174
ss455.xml,429,312,textbox,19,181,154,215
ss455.xml,429,312,textbox,15,224,152,253
ss455.xml,429,312,textbox,17,252,156,276
ss455.xml,429,312,textbox,190,29,254,63
ss455.xml,429,312,textbox,341,27,400,58
ss455.xml,429,312,textbox,196,67,289,145
ss455.xml,429,312,textbox,320,71,411,143
ss455.xml,429,312,image,255,36,313,62
ss455.xml,429,312,image,314,32,334,57
ss455.xml,429,312,image,12,26,191,104
Temp_522.xml,409,143,image,14,16,202,122
Temp_522.xml,409,143,radio_button,208,89,294,111
Temp_522.xml,409,143,radio_button,210,108,293,128
Temp_522.xml,409,143,textbox,215,23,365,58
Buffet39.xml,417,289,textbox,76,17,333,45
Buffet39.xml,417,289,textbox,14,154,201,179
Buffet39.xml,417,289,radio_button,17,189,147,207
Buffet39.xml,417,289,radio_button,14,205,149,225
Buffet39.xml,417,289,radio_button,9,226,151,247
Buffet39.xml,417,289,textbox,18,251,252,274
Buffet39.xml,417,289,image,125,53,287,147
nine7.xml,415,260,textbox,13,22,120,50
nine7.xml,415,260,checkbox,27,57,87,84
nine7.xml,415,260,textbox,31,86,84,111
nine7.xml,415,260,textbox,26,113,358,153
nine7.xml,415,260,textbox,27,151,385,192
nine7.xml,415,260,radio_button,19,206,77,225
nine7.xml,415,260,radio_button,17,224,81,243
nine6.xml,415,260,textbox,13,22,120,50
nine6.xml,415,260,checkbox,27,57,87,84
nine6.xml,415,260,textbox,31,86,84,111
nine6.xml,415,260,textbox,26,113,358,153
nine6.xml,415,260,textbox,27,151,385,192
nine6.xml,415,260,radio_button,19,206,77,225
nine6.xml,415,260,radio_button,17,224,81,243
Temp_5215.xml,409,143,image,14,16,202,122
Temp_5215.xml,409,143,radio_button,208,89,294,111
Temp_5215.xml,409,143,radio_button,210,108,293,128
Temp_5215.xml,409,143,textbox,215,23,365,58
Holidytrip22.xml,419,359,textbox,130,14,288,48
Holidytrip22.xml,419,359,textbox,16,202,384,234
Holidytrip22.xml,419,359,textbox,17,229,217,255
Holidytrip22.xml,419,359,textbox,118,320,304,345
Holidytrip22.xml,419,359,radio_button,13,255,109,278
Holidytrip22.xml,419,359,radio_button,17,278,109,295
Holidytrip22.xml,419,359,radio_button,16,294,111,317
Holidytrip22.xml,419,359,image,20,53,366,198
Temp_4414.xml,411,261,radio_button,13,208,107,229
Temp_4414.xml,411,261,radio_button,16,229,110,250
Temp_4414.xml,411,261,textbox,14,9,301,44
Temp_4414.xml,411,261,textbox,13,49,274,80
Temp_4414.xml,411,261,image,8,145,102,206
Temp_4414.xml,411,261,image,14,79,98,139
ten13.xml,422,232,textbox,27,22,137,47
ten13.xml,422,232,textbox,29,45,148,65
ten13.xml,422,232,textbox,28,67,132,85
ten13.xml,422,232,textbox,25,81,88,119
ten13.xml,422,232,checkbox,25,124,178,144
ten13.xml,422,232,radio_button,14,149,110,165
ten13.xml,422,232,radio_button,21,165,111,188
ten13.xml,422,232,checkbox,17,193,176,214
Holidytrip21.xml,419,359,textbox,130,14,288,48
Holidytrip21.xml,419,359,textbox,16,202,384,234
Holidytrip21.xml,419,359,textbox,17,229,217,255
Holidytrip21.xml,419,359,textbox,118,320,304,345
Holidytrip21.xml,419,359,radio_button,13,255,109,278
Holidytrip21.xml,419,359,radio_button,17,278,109,295
Holidytrip21.xml,419,359,radio_button,16,294,111,317
Holidytrip21.xml,419,359,image,20,53,366,198
nine9.xml,415,260,textbox,13,22,120,50
nine9.xml,415,260,checkbox,27,57,87,84
nine9.xml,415,260,textbox,31,86,84,111
nine9.xml,415,260,textbox,26,113,358,153
nine9.xml,415,260,textbox,27,151,385,192
nine9.xml,415,260,radio_button,19,206,77,225
nine9.xml,415,260,radio_button,17,224,81,243
ss794.xml,591,445,textbox,87,31,181,58
ss794.xml,591,445,textbox,89,58,239,76
ss794.xml,591,445,textbox,22,87,333,122
ss794.xml,591,445,textbox,21,133,242,157
ss794.xml,591,445,textbox,17,273,234,291
ss794.xml,591,445,textbox,381,259,526,290
ss794.xml,591,445,textbox,13,290,146,327
ss794.xml,591,445,textbox,385,284,522,324
ss794.xml,591,445,textbox,28,352,178,416
ss794.xml,591,445,textbox,389,341,523,402
ss794.xml,591,445,image,435,36,480,74
ss794.xml,591,445,image,484,34,540,76
ss794.xml,591,445,image,20,10,78,80
nine11.xml,415,260,textbox,13,22,120,50
nine11.xml,415,260,checkbox,27,57,87,84
nine11.xml,415,260,textbox,31,86,84,111
nine11.xml,415,260,textbox,26,113,358,153
nine11.xml,415,260,textbox,27,151,385,192
nine11.xml,415,260,radio_button,19,206,77,225
nine11.xml,415,260,radio_button,17,224,81,243
Buffet313.xml,417,289,textbox,76,17,333,45
Buffet313.xml,417,289,textbox,14,154,201,179
Buffet313.xml,417,289,radio_button,17,189,147,207
Buffet313.xml,417,289,radio_button,14,205,149,225
Buffet313.xml,417,289,radio_button,9,226,151,247
Buffet313.xml,417,289,textbox,18,251,252,274
Buffet313.xml,417,289,image,125,53,287,147
Temp_445.xml,411,261,radio_button,13,208,107,229
Temp_445.xml,411,261,radio_button,16,229,110,250
Temp_445.xml,411,261,textbox,14,9,301,44
Temp_445.xml,411,261,textbox,13,49,274,80
Temp_445.xml,411,261,image,8,145,102,206
Temp_445.xml,411,261,image,14,79,98,139
nine18.xml,415,260,textbox,13,22,120,50
nine18.xml,415,260,checkbox,27,57,87,84
nine18.xml,415,260,textbox,31,86,84,111
nine18.xml,415,260,textbox,26,113,358,153
nine18.xml,415,260,textbox,27,151,385,192
nine18.xml,415,260,radio_button,19,206,77,225
nine18.xml,415,260,radio_button,17,224,81,243
one400.xml,420,246,textbox,20,24,70,46
one400.xml,420,246,textbox,19,48,149,82
one400.xml,420,246,textbox,19,105,258,150
one400.xml,420,246,radio_button,15,159,83,176
one400.xml,420,246,radio_button,17,173,81,196
one400.xml,420,246,checkbox,19,196,167,224
one400.xml,420,246,image,273,26,399,149
ss796.xml,591,445,textbox,87,31,181,58
ss796.xml,591,445,textbox,89,58,239,76
ss796.xml,591,445,textbox,22,87,333,122
ss796.xml,591,445,textbox,21,133,242,157
ss796.xml,591,445,textbox,17,273,234,291
ss796.xml,591,445,textbox,381,259,526,290
ss796.xml,591,445,textbox,13,290,146,327
ss796.xml,591,445,textbox,385,284,522,324
ss796.xml,591,445,textbox,28,352,178,416
ss796.xml,591,445,textbox,389,341,523,402
ss796.xml,591,445,image,435,36,480,74
ss796.xml,591,445,image,484,34,540,76
ss796.xml,591,445,image,20,10,78,80
Buffet316.xml,417,289,textbox,76,17,333,45
Buffet316.xml,417,289,textbox,14,154,201,179
Buffet316.xml,417,289,radio_button,17,189,147,207
Buffet316.xml,417,289,radio_button,14,205,149,225
Buffet316.xml,417,289,radio_button,9,226,151,247
Buffet316.xml,417,289,textbox,18,251,252,274
Buffet316.xml,417,289,image,125,53,287,147
Temp_4412.xml,411,261,radio_button,13,208,107,229
Temp_4412.xml,411,261,radio_button,16,229,110,250
Temp_4412.xml,411,261,textbox,14,9,301,44
Temp_4412.xml,411,261,textbox,13,49,274,80
Temp_4412.xml,411,261,image,8,145,102,206
Temp_4412.xml,411,261,image,14,79,98,139
ten11.xml,422,232,textbox,27,22,137,47
ten11.xml,422,232,textbox,29,45,148,65
ten11.xml,422,232,textbox,28,67,132,85
ten11.xml,422,232,textbox,25,81,88,119
ten11.xml,422,232,checkbox,25,124,178,144
ten11.xml,422,232,radio_button,14,149,110,165
ten11.xml,422,232,radio_button,21,165,111,188
ten11.xml,422,232,checkbox,17,193,176,214
ss799.xml,591,445,textbox,87,31,181,58
ss799.xml,591,445,textbox,89,58,239,76
ss799.xml,591,445,textbox,22,87,333,122
ss799.xml,591,445,textbox,21,133,242,157
ss799.xml,591,445,textbox,17,273,234,291
ss799.xml,591,445,textbox,381,259,526,290
ss799.xml,591,445,textbox,13,290,146,327
ss799.xml,591,445,textbox,385,284,522,324
ss799.xml,591,445,textbox,28,352,178,416
ss799.xml,591,445,textbox,389,341,523,402
ss799.xml,591,445,image,435,36,480,74
ss799.xml,591,445,image,484,34,540,76
ss799.xml,591,445,image,20,10,78,80
Temp_5216.xml,409,143,image,14,16,202,122
Temp_5216.xml,409,143,radio_button,208,89,294,111
Temp_5216.xml,409,143,radio_button,210,108,293,128
Temp_5216.xml,409,143,textbox,215,23,365,58
Buffet38.xml,417,289,textbox,76,17,333,45
Buffet38.xml,417,289,textbox,14,154,201,179
Buffet38.xml,417,289,radio_button,17,189,147,207
Buffet38.xml,417,289,radio_button,14,205,149,225
Buffet38.xml,417,289,radio_button,9,226,151,247
Buffet38.xml,417,289,textbox,18,251,252,274
Buffet38.xml,417,289,image,125,53,287,147
nine12.xml,415,260,textbox,13,22,120,50
nine12.xml,415,260,checkbox,27,57,87,84
nine12.xml,415,260,textbox,31,86,84,111
nine12.xml,415,260,textbox,26,113,358,153
nine12.xml,415,260,textbox,27,151,385,192
nine12.xml,415,260,radio_button,19,206,77,225
nine12.xml,415,260,radio_button,17,224,81,243
Temp_5217.xml,409,143,image,14,16,202,122
Temp_5217.xml,409,143,radio_button,208,89,294,111
Temp_5217.xml,409,143,radio_button,210,108,293,128
Temp_5217.xml,409,143,textbox,215,23,365,58
one4018.xml,420,246,textbox,20,24,70,46
one4018.xml,420,246,textbox,19,48,149,82
one4018.xml,420,246,textbox,19,105,258,150
one4018.xml,420,246,radio_button,15,159,83,176
one4018.xml,420,246,radio_button,17,173,81,196
one4018.xml,420,246,checkbox,19,196,167,224
one4018.xml,420,246,image,273,26,399,149
Temp_442.xml,411,261,radio_button,13,208,107,229
Temp_442.xml,411,261,radio_button,16,229,110,250
Temp_442.xml,411,261,textbox,14,9,301,44
Temp_442.xml,411,261,textbox,13,49,274,80
Temp_442.xml,411,261,image,8,145,102,206
Temp_442.xml,411,261,image,14,79,98,139
Buffet36.xml,417,289,textbox,76,17,333,45
Buffet36.xml,417,289,textbox,14,154,201,179
Buffet36.xml,417,289,radio_button,17,189,147,207
Buffet36.xml,417,289,radio_button,14,205,149,225
Buffet36.xml,417,289,radio_button,9,226,151,247
Buffet36.xml,417,289,textbox,18,251,252,274
Buffet36.xml,417,289,image,125,53,287,147
Temp_5218.xml,409,143,image,14,16,202,122
Temp_5218.xml,409,143,radio_button,208,89,294,111
Temp_5218.xml,409,143,radio_button,210,108,293,128
Temp_5218.xml,409,143,textbox,215,23,365,58
ten19.xml,422,232,textbox,27,22,137,47
ten19.xml,422,232,textbox,29,45,148,65
ten19.xml,422,232,textbox,28,67,132,85
ten19.xml,422,232,textbox,25,81,88,119
ten19.xml,422,232,checkbox,25,124,178,144
ten19.xml,422,232,radio_button,14,149,110,165
ten19.xml,422,232,radio_button,21,165,111,188
ten19.xml,422,232,checkbox,17,193,176,214
Holidytrip219.xml,419,359,textbox,130,14,288,48
Holidytrip219.xml,419,359,textbox,16,202,384,234
Holidytrip219.xml,419,359,textbox,17,229,217,255
Holidytrip219.xml,419,359,textbox,118,320,304,345
Holidytrip219.xml,419,359,radio_button,13,255,109,278
Holidytrip219.xml,419,359,radio_button,17,278,109,295
Holidytrip219.xml,419,359,radio_button,16,294,111,317
Holidytrip219.xml,419,359,image,20,53,366,198
Temp_4411.xml,411,261,radio_button,13,208,107,229
Temp_4411.xml,411,261,radio_button,16,229,110,250
Temp_4411.xml,411,261,textbox,14,9,301,44
Temp_4411.xml,411,261,textbox,13,49,274,80
Temp_4411.xml,411,261,image,8,145,102,206
Temp_4411.xml,411,261,image,14,79,98,139
ss7916.xml,591,445,textbox,87,31,181,58
ss7916.xml,591,445,textbox,89,58,239,76
ss7916.xml,591,445,textbox,22,87,333,122
ss7916.xml,591,445,textbox,21,133,242,157
ss7916.xml,591,445,textbox,17,273,234,291
ss7916.xml,591,445,textbox,381,259,526,290
ss7916.xml,591,445,textbox,13,290,146,327
ss7916.xml,591,445,textbox,385,284,522,324
ss7916.xml,591,445,textbox,28,352,178,416
ss7916.xml,591,445,textbox,389,341,523,402
ss7916.xml,591,445,image,435,36,480,74
ss7916.xml,591,445,image,484,34,540,76
ss7916.xml,591,445,image,20,10,78,80
Buffet311.xml,417,289,textbox,76,17,333,45
Buffet311.xml,417,289,textbox,14,154,201,179
Buffet311.xml,417,289,radio_button,17,189,147,207
Buffet311.xml,417,289,radio_button,14,205,149,225
Buffet311.xml,417,289,radio_button,9,226,151,247
Buffet311.xml,417,289,textbox,18,251,252,274
Buffet311.xml,417,289,image,125,53,287,147
one406.xml,420,246,textbox,20,24,70,46
one406.xml,420,246,textbox,19,48,149,82
one406.xml,420,246,textbox,19,105,258,150
one406.xml,420,246,radio_button,15,159,83,176
one406.xml,420,246,radio_button,17,173,81,196
one406.xml,420,246,checkbox,19,196,167,224
one406.xml,420,246,image,273,26,399,149
Temp_526.xml,409,143,image,14,16,202,122
Temp_526.xml,409,143,radio_button,208,89,294,111
Temp_526.xml,409,143,radio_button,210,108,293,128
Temp_526.xml,409,143,textbox,215,23,365,58
Temp_4419.xml,411,261,radio_button,13,208,107,229
Temp_4419.xml,411,261,radio_button,16,229,110,250
Temp_4419.xml,411,261,textbox,14,9,301,44
Temp_4419.xml,411,261,textbox,13,49,274,80
Temp_4419.xml,411,261,image,8,145,102,206
Temp_4419.xml,411,261,image,14,79,98,139
Holidytrip211.xml,419,359,textbox,130,14,288,48
Holidytrip211.xml,419,359,textbox,16,202,384,234
Holidytrip211.xml,419,359,textbox,17,229,217,255
Holidytrip211.xml,419,359,textbox,118,320,304,345
Holidytrip211.xml,419,359,radio_button,13,255,109,278
Holidytrip211.xml,419,359,radio_button,17,278,109,295
Holidytrip211.xml,419,359,radio_button,16,294,111,317
Holidytrip211.xml,419,359,image,20,53,366,198
ten18.xml,422,232,textbox,27,22,137,47
ten18.xml,422,232,textbox,29,45,148,65
ten18.xml,422,232,textbox,28,67,132,85
ten18.xml,422,232,textbox,25,81,88,119
ten18.xml,422,232,checkbox,25,124,178,144
ten18.xml,422,232,radio_button,14,149,110,165
ten18.xml,422,232,radio_button,21,165,111,188
ten18.xml,422,232,checkbox,17,193,176,214
eight010.xml,435,394,image,26,28,76,66
eight010.xml,435,394,image,180,323,240,358
eight010.xml,435,394,radio_button,28,87,117,116
eight010.xml,435,394,radio_button,22,106,115,127
eight010.xml,435,394,radio_button,22,127,158,150
eight010.xml,435,394,textbox,24,156,115,177
eight010.xml,435,394,textbox,20,200,141,219
eight010.xml,435,394,textbox,33,178,107,199
eight010.xml,435,394,textbox,22,220,112,243
eight010.xml,435,394,textbox,318,21,402,49
eight010.xml,435,394,textbox,292,37,407,75
eight010.xml,435,394,textbox,372,93,402,116
eight010.xml,435,394,textbox,373,113,408,134
eight010.xml,435,394,textbox,371,130,407,152
eight010.xml,435,394,textbox,373,152,409,178
eight010.xml,435,394,textbox,27,260,403,279
eight010.xml,435,394,textbox,25,277,403,307
eight010.xml,435,394,textbox,21,320,104,366
eight010.xml,435,394,textbox,311,310,407,366
ss454.xml,429,312,textbox,20,113,123,174
ss454.xml,429,312,textbox,19,181,154,215
ss454.xml,429,312,textbox,15,224,152,253
ss454.xml,429,312,textbox,17,252,156,276
ss454.xml,429,312,textbox,190,29,254,63
ss454.xml,429,312,textbox,341,27,400,58
ss454.xml,429,312,textbox,196,67,289,145
ss454.xml,429,312,textbox,320,71,411,143
ss454.xml,429,312,image,255,36,313,62
ss454.xml,429,312,image,314,32,334,57
ss454.xml,429,312,image,12,26,191,104
Temp_4418.xml,411,261,radio_button,13,208,107,229
Temp_4418.xml,411,261,radio_button,16,229,110,250
Temp_4418.xml,411,261,textbox,14,9,301,44
Temp_4418.xml,411,261,textbox,13,49,274,80
Temp_4418.xml,411,261,image,8,145,102,206
Temp_4418.xml,411,261,image,14,79,98,139
ss798.xml,591,445,textbox,87,31,181,58
ss798.xml,591,445,textbox,89,58,239,76
ss798.xml,591,445,textbox,22,87,333,122
ss798.xml,591,445,textbox,21,133,242,157
ss798.xml,591,445,textbox,17,273,234,291
ss798.xml,591,445,textbox,381,259,526,290
ss798.xml,591,445,textbox,13,290,146,327
ss798.xml,591,445,textbox,385,284,522,324
ss798.xml,591,445,textbox,28,352,178,416
ss798.xml,591,445,textbox,389,341,523,402
ss798.xml,591,445,image,435,36,480,74
ss798.xml,591,445,image,484,34,540,76
ss798.xml,591,445,image,20,10,78,80
